python_test,params,r_loop,status,rust_test,note
tests/contract/test_fake_provider.py::TestFakeProviderContract,0,R3,ported,r2-testkit::contract_fake fake_memory::test_certificate_acts_as_public_key ; r2-testkit::contract_fake fake_memory::test_certificate_import_list_export_delete ; r2-testkit::contract_fake fake_memory::test_data_object_identity_and_verbs ; r2-testkit::contract_fake fake_memory::test_data_object_round_trip ; r2-testkit::contract_fake fake_memory::test_delete_key ; r2-testkit::contract_fake fake_memory::test_duplicate_identity_guard_exempts_families_and_certs ; r2-testkit::contract_fake fake_memory::test_duplicate_identity_refused ; r2-testkit::contract_fake fake_memory::test_encrypt_decrypt_round_trip ; r2-testkit::contract_fake fake_memory::test_find_key_ambiguity ; r2-testkit::contract_fake fake_memory::test_find_key_class_selector_picks_keypair_half ; r2-testkit::contract_fake fake_memory::test_find_key_not_found ; r2-testkit::contract_fake fake_memory::test_generate_generic_secret ; r2-testkit::contract_fake fake_memory::test_generate_keypair_shares_label ; r2-testkit::contract_fake fake_memory::test_generate_secret_key ; r2-testkit::contract_fake fake_memory::test_generic_secret_round_trip ; r2-testkit::contract_fake fake_memory::test_generic_secret_wrap_unwrap_where_supported ; r2-testkit::contract_fake fake_memory::test_hmac_needs_a_generic_secret_and_cmac_an_aes_key ; r2-testkit::contract_fake fake_memory::test_hmac_sign_verify_round_trip ; r2-testkit::contract_fake fake_memory::test_import_export_round_trip_secret ; r2-testkit::contract_fake fake_memory::test_imported_key_is_listed_and_found ; r2-testkit::contract_fake fake_memory::test_login_rejected_when_not_required ; r2-testkit::contract_fake fake_memory::test_non_exportable_key_refuses_export ; r2-testkit::contract_fake fake_memory::test_pkcs11_secret_attributes_carry_flags ; r2-testkit::contract_fake fake_memory::test_read_full_template_dumps_class_and_identity ; r2-testkit::contract_fake fake_memory::test_read_full_template_has_no_key_type_for_cert_and_data ; r2-testkit::contract_fake fake_memory::test_read_key_template_seeds_identity ; r2-testkit::contract_fake fake_memory::test_sign_verify_round_trip ; r2-testkit::contract_fake fake_memory::test_status_token_iff_logged_in ; r2-testkit::contract_fake fake_memory::test_supports_is_consistent_with_mechanisms ; r2-testkit::contract_fake fake_memory::test_update_key_duplicate_identity_refused ; r2-testkit::contract_fake fake_memory::test_update_key_leaves_siblings_untouched ; r2-testkit::contract_fake fake_memory::test_update_key_refusal_is_outcome_not_exception ; r2-testkit::contract_fake fake_memory::test_update_key_renames_key ; r2-testkit::contract_fake fake_memory::test_wrap_unwrap_round_trip_where_supported,"contract instantiation: provider_contract_tests! for FakeProvider('fake'), memory presentation; its 34 tests are the tests/contract/base.py rows (params=0: node IDs counted there)"
tests/contract/base.py::ProviderContractTests::test_status_token_iff_logged_in,4,R3,ported,r2-testkit::contract_fake fake_memory::test_status_token_iff_logged_in ; r2-testkit::contract_fake fake_pkcs11::test_status_token_iff_logged_in,"contract suite (provider_contract_tests!); instantiated by FakeProvider (R3), FakeProvider-as-pkcs11 (R3), MemoryProvider (R4), Pkcs11Provider@SoftHSM (R5b)"
tests/contract/base.py::ProviderContractTests::test_login_rejected_when_not_required,4,R3,ported,r2-testkit::contract_fake fake_memory::test_login_rejected_when_not_required ; r2-testkit::contract_fake fake_pkcs11::test_login_rejected_when_not_required,"contract suite (provider_contract_tests!); instantiated by FakeProvider (R3), FakeProvider-as-pkcs11 (R3), MemoryProvider (R4), Pkcs11Provider@SoftHSM (R5b)"
tests/contract/base.py::ProviderContractTests::test_supports_is_consistent_with_mechanisms,4,R3,ported,r2-testkit::contract_fake fake_memory::test_supports_is_consistent_with_mechanisms ; r2-testkit::contract_fake fake_pkcs11::test_supports_is_consistent_with_mechanisms,"contract suite (provider_contract_tests!); instantiated by FakeProvider (R3), FakeProvider-as-pkcs11 (R3), MemoryProvider (R4), Pkcs11Provider@SoftHSM (R5b)"
tests/contract/base.py::ProviderContractTests::test_import_export_round_trip_secret,4,R3,ported,r2-testkit::contract_fake fake_memory::test_import_export_round_trip_secret ; r2-testkit::contract_fake fake_pkcs11::test_import_export_round_trip_secret,"contract suite (provider_contract_tests!); instantiated by FakeProvider (R3), FakeProvider-as-pkcs11 (R3), MemoryProvider (R4), Pkcs11Provider@SoftHSM (R5b)"
tests/contract/base.py::ProviderContractTests::test_imported_key_is_listed_and_found,4,R3,ported,r2-testkit::contract_fake fake_memory::test_imported_key_is_listed_and_found ; r2-testkit::contract_fake fake_pkcs11::test_imported_key_is_listed_and_found,"contract suite (provider_contract_tests!); instantiated by FakeProvider (R3), FakeProvider-as-pkcs11 (R3), MemoryProvider (R4), Pkcs11Provider@SoftHSM (R5b)"
tests/contract/base.py::ProviderContractTests::test_find_key_not_found,4,R3,ported,r2-testkit::contract_fake fake_memory::test_find_key_not_found ; r2-testkit::contract_fake fake_pkcs11::test_find_key_not_found,"contract suite (provider_contract_tests!); instantiated by FakeProvider (R3), FakeProvider-as-pkcs11 (R3), MemoryProvider (R4), Pkcs11Provider@SoftHSM (R5b)"
tests/contract/base.py::ProviderContractTests::test_find_key_ambiguity,4,R3,ported,r2-testkit::contract_fake fake_memory::test_find_key_ambiguity ; r2-testkit::contract_fake fake_pkcs11::test_find_key_ambiguity,"contract suite (provider_contract_tests!); instantiated by FakeProvider (R3), FakeProvider-as-pkcs11 (R3), MemoryProvider (R4), Pkcs11Provider@SoftHSM (R5b)"
tests/contract/base.py::ProviderContractTests::test_duplicate_identity_refused,4,R3,ported,r2-testkit::contract_fake fake_memory::test_duplicate_identity_refused ; r2-testkit::contract_fake fake_pkcs11::test_duplicate_identity_refused,"contract suite (provider_contract_tests!); instantiated by FakeProvider (R3), FakeProvider-as-pkcs11 (R3), MemoryProvider (R4), Pkcs11Provider@SoftHSM (R5b)"
tests/contract/base.py::ProviderContractTests::test_duplicate_identity_guard_exempts_families_and_certs,4,R3,ported,r2-testkit::contract_fake fake_memory::test_duplicate_identity_guard_exempts_families_and_certs ; r2-testkit::contract_fake fake_pkcs11::test_duplicate_identity_guard_exempts_families_and_certs,"contract suite (provider_contract_tests!); instantiated by FakeProvider (R3), FakeProvider-as-pkcs11 (R3), MemoryProvider (R4), Pkcs11Provider@SoftHSM (R5b)"
tests/contract/base.py::ProviderContractTests::test_delete_key,4,R3,ported,r2-testkit::contract_fake fake_memory::test_delete_key ; r2-testkit::contract_fake fake_pkcs11::test_delete_key,"contract suite (provider_contract_tests!); instantiated by FakeProvider (R3), FakeProvider-as-pkcs11 (R3), MemoryProvider (R4), Pkcs11Provider@SoftHSM (R5b)"
tests/contract/base.py::ProviderContractTests::test_find_key_class_selector_picks_keypair_half,4,R3,ported,r2-testkit::contract_fake fake_memory::test_find_key_class_selector_picks_keypair_half ; r2-testkit::contract_fake fake_pkcs11::test_find_key_class_selector_picks_keypair_half,"contract suite (provider_contract_tests!); instantiated by FakeProvider (R3), FakeProvider-as-pkcs11 (R3), MemoryProvider (R4), Pkcs11Provider@SoftHSM (R5b)"
tests/contract/base.py::ProviderContractTests::test_non_exportable_key_refuses_export,4,R3,ported,r2-testkit::contract_fake fake_memory::test_non_exportable_key_refuses_export ; r2-testkit::contract_fake fake_pkcs11::test_non_exportable_key_refuses_export,"contract suite (provider_contract_tests!); instantiated by FakeProvider (R3), FakeProvider-as-pkcs11 (R3), MemoryProvider (R4), Pkcs11Provider@SoftHSM (R5b)"
tests/contract/base.py::ProviderContractTests::test_pkcs11_secret_attributes_carry_flags,4,R3,ported,r2-testkit::contract_fake fake_memory::test_pkcs11_secret_attributes_carry_flags ; r2-testkit::contract_fake fake_pkcs11::test_pkcs11_secret_attributes_carry_flags,"contract suite (provider_contract_tests!); instantiated by FakeProvider (R3), FakeProvider-as-pkcs11 (R3), MemoryProvider (R4), Pkcs11Provider@SoftHSM (R5b)"
tests/contract/base.py::ProviderContractTests::test_generate_secret_key,4,R3,ported,r2-testkit::contract_fake fake_memory::test_generate_secret_key ; r2-testkit::contract_fake fake_pkcs11::test_generate_secret_key,"contract suite (provider_contract_tests!); instantiated by FakeProvider (R3), FakeProvider-as-pkcs11 (R3), MemoryProvider (R4), Pkcs11Provider@SoftHSM (R5b)"
tests/contract/base.py::ProviderContractTests::test_generate_keypair_shares_label,4,R3,ported,r2-testkit::contract_fake fake_memory::test_generate_keypair_shares_label ; r2-testkit::contract_fake fake_pkcs11::test_generate_keypair_shares_label,"contract suite (provider_contract_tests!); instantiated by FakeProvider (R3), FakeProvider-as-pkcs11 (R3), MemoryProvider (R4), Pkcs11Provider@SoftHSM (R5b)"
tests/contract/base.py::ProviderContractTests::test_encrypt_decrypt_round_trip,4,R3,ported,r2-testkit::contract_fake fake_memory::test_encrypt_decrypt_round_trip ; r2-testkit::contract_fake fake_pkcs11::test_encrypt_decrypt_round_trip,"contract suite (provider_contract_tests!); instantiated by FakeProvider (R3), FakeProvider-as-pkcs11 (R3), MemoryProvider (R4), Pkcs11Provider@SoftHSM (R5b)"
tests/contract/base.py::ProviderContractTests::test_sign_verify_round_trip,4,R3,ported,r2-testkit::contract_fake fake_memory::test_sign_verify_round_trip ; r2-testkit::contract_fake fake_pkcs11::test_sign_verify_round_trip,"contract suite (provider_contract_tests!); instantiated by FakeProvider (R3), FakeProvider-as-pkcs11 (R3), MemoryProvider (R4), Pkcs11Provider@SoftHSM (R5b)"
tests/contract/base.py::ProviderContractTests::test_wrap_unwrap_round_trip_where_supported,4,R3,ported,r2-testkit::contract_fake fake_memory::test_wrap_unwrap_round_trip_where_supported ; r2-testkit::contract_fake fake_pkcs11::test_wrap_unwrap_round_trip_where_supported,"contract suite (provider_contract_tests!); instantiated by FakeProvider (R3), FakeProvider-as-pkcs11 (R3), MemoryProvider (R4), Pkcs11Provider@SoftHSM (R5b)"
tests/contract/base.py::ProviderContractTests::test_certificate_acts_as_public_key,4,R3,ported,r2-testkit::contract_fake fake_memory::test_certificate_acts_as_public_key ; r2-testkit::contract_fake fake_pkcs11::test_certificate_acts_as_public_key,"contract suite (provider_contract_tests!); instantiated by FakeProvider (R3), FakeProvider-as-pkcs11 (R3), MemoryProvider (R4), Pkcs11Provider@SoftHSM (R5b)"
tests/contract/base.py::ProviderContractTests::test_read_key_template_seeds_identity,4,R3,ported,r2-testkit::contract_fake fake_memory::test_read_key_template_seeds_identity ; r2-testkit::contract_fake fake_pkcs11::test_read_key_template_seeds_identity,"contract suite (provider_contract_tests!); instantiated by FakeProvider (R3), FakeProvider-as-pkcs11 (R3), MemoryProvider (R4), Pkcs11Provider@SoftHSM (R5b)"
tests/contract/base.py::ProviderContractTests::test_update_key_renames_key,4,R3,ported,r2-testkit::contract_fake fake_memory::test_update_key_renames_key ; r2-testkit::contract_fake fake_pkcs11::test_update_key_renames_key,"contract suite (provider_contract_tests!); instantiated by FakeProvider (R3), FakeProvider-as-pkcs11 (R3), MemoryProvider (R4), Pkcs11Provider@SoftHSM (R5b)"
tests/contract/base.py::ProviderContractTests::test_update_key_duplicate_identity_refused,4,R3,ported,r2-testkit::contract_fake fake_memory::test_update_key_duplicate_identity_refused ; r2-testkit::contract_fake fake_pkcs11::test_update_key_duplicate_identity_refused,"contract suite (provider_contract_tests!); instantiated by FakeProvider (R3), FakeProvider-as-pkcs11 (R3), MemoryProvider (R4), Pkcs11Provider@SoftHSM (R5b)"
tests/contract/base.py::ProviderContractTests::test_update_key_leaves_siblings_untouched,4,R3,ported,r2-testkit::contract_fake fake_memory::test_update_key_leaves_siblings_untouched ; r2-testkit::contract_fake fake_pkcs11::test_update_key_leaves_siblings_untouched,"contract suite (provider_contract_tests!); instantiated by FakeProvider (R3), FakeProvider-as-pkcs11 (R3), MemoryProvider (R4), Pkcs11Provider@SoftHSM (R5b)"
tests/contract/base.py::ProviderContractTests::test_update_key_refusal_is_outcome_not_exception,4,R3,ported,r2-testkit::contract_fake fake_memory::test_update_key_refusal_is_outcome_not_exception ; r2-testkit::contract_fake fake_pkcs11::test_update_key_refusal_is_outcome_not_exception,"contract suite (provider_contract_tests!); instantiated by FakeProvider (R3), FakeProvider-as-pkcs11 (R3), MemoryProvider (R4), Pkcs11Provider@SoftHSM (R5b)"
tests/contract/base.py::ProviderContractTests::test_read_full_template_dumps_class_and_identity,4,R3,ported,r2-testkit::contract_fake fake_memory::test_read_full_template_dumps_class_and_identity ; r2-testkit::contract_fake fake_pkcs11::test_read_full_template_dumps_class_and_identity,"contract suite (provider_contract_tests!); instantiated by FakeProvider (R3), FakeProvider-as-pkcs11 (R3), MemoryProvider (R4), Pkcs11Provider@SoftHSM (R5b)"
tests/contract/base.py::ProviderContractTests::test_generic_secret_round_trip,4,R3,ported,r2-testkit::contract_fake fake_memory::test_generic_secret_round_trip ; r2-testkit::contract_fake fake_pkcs11::test_generic_secret_round_trip,"contract suite (provider_contract_tests!); instantiated by FakeProvider (R3), FakeProvider-as-pkcs11 (R3), MemoryProvider (R4), Pkcs11Provider@SoftHSM (R5b)"
tests/contract/base.py::ProviderContractTests::test_generate_generic_secret,4,R3,ported,r2-testkit::contract_fake fake_memory::test_generate_generic_secret ; r2-testkit::contract_fake fake_pkcs11::test_generate_generic_secret,"contract suite (provider_contract_tests!); instantiated by FakeProvider (R3), FakeProvider-as-pkcs11 (R3), MemoryProvider (R4), Pkcs11Provider@SoftHSM (R5b)"
tests/contract/base.py::ProviderContractTests::test_hmac_sign_verify_round_trip,4,R3,ported,r2-testkit::contract_fake fake_memory::test_hmac_sign_verify_round_trip ; r2-testkit::contract_fake fake_pkcs11::test_hmac_sign_verify_round_trip,"contract suite (provider_contract_tests!); instantiated by FakeProvider (R3), FakeProvider-as-pkcs11 (R3), MemoryProvider (R4), Pkcs11Provider@SoftHSM (R5b)"
tests/contract/base.py::ProviderContractTests::test_hmac_needs_a_generic_secret_and_cmac_an_aes_key,4,R3,ported,r2-testkit::contract_fake fake_memory::test_hmac_needs_a_generic_secret_and_cmac_an_aes_key ; r2-testkit::contract_fake fake_pkcs11::test_hmac_needs_a_generic_secret_and_cmac_an_aes_key,"contract suite (provider_contract_tests!); instantiated by FakeProvider (R3), FakeProvider-as-pkcs11 (R3), MemoryProvider (R4), Pkcs11Provider@SoftHSM (R5b)"
tests/contract/base.py::ProviderContractTests::test_generic_secret_wrap_unwrap_where_supported,4,R3,ported,r2-testkit::contract_fake fake_memory::test_generic_secret_wrap_unwrap_where_supported ; r2-testkit::contract_fake fake_pkcs11::test_generic_secret_wrap_unwrap_where_supported,"contract suite (provider_contract_tests!); instantiated by FakeProvider (R3), FakeProvider-as-pkcs11 (R3), MemoryProvider (R4), Pkcs11Provider@SoftHSM (R5b)"
tests/contract/base.py::ProviderContractTests::test_data_object_round_trip,4,R3,ported,r2-testkit::contract_fake fake_memory::test_data_object_round_trip ; r2-testkit::contract_fake fake_pkcs11::test_data_object_round_trip,"contract suite (provider_contract_tests!); instantiated by FakeProvider (R3), FakeProvider-as-pkcs11 (R3), MemoryProvider (R4), Pkcs11Provider@SoftHSM (R5b)"
tests/contract/base.py::ProviderContractTests::test_data_object_identity_and_verbs,4,R3,ported,r2-testkit::contract_fake fake_memory::test_data_object_identity_and_verbs ; r2-testkit::contract_fake fake_pkcs11::test_data_object_identity_and_verbs,"contract suite (provider_contract_tests!); instantiated by FakeProvider (R3), FakeProvider-as-pkcs11 (R3), MemoryProvider (R4), Pkcs11Provider@SoftHSM (R5b)"
tests/contract/base.py::ProviderContractTests::test_certificate_import_list_export_delete,4,R3,ported,r2-testkit::contract_fake fake_memory::test_certificate_import_list_export_delete ; r2-testkit::contract_fake fake_pkcs11::test_certificate_import_list_export_delete,"contract suite (provider_contract_tests!); instantiated by FakeProvider (R3), FakeProvider-as-pkcs11 (R3), MemoryProvider (R4), Pkcs11Provider@SoftHSM (R5b)"
tests/contract/base.py::ProviderContractTests::test_read_full_template_has_no_key_type_for_cert_and_data,4,R3,ported,r2-testkit::contract_fake fake_memory::test_read_full_template_has_no_key_type_for_cert_and_data ; r2-testkit::contract_fake fake_pkcs11::test_read_full_template_has_no_key_type_for_cert_and_data,"contract suite (provider_contract_tests!); instantiated by FakeProvider (R3), FakeProvider-as-pkcs11 (R3), MemoryProvider (R4), Pkcs11Provider@SoftHSM (R5b)"
tests/contract/test_fake_provider.py::TestFakeProviderAsPkcs11Contract,0,R3,ported,r2-testkit::contract_fake fake_pkcs11::test_certificate_acts_as_public_key ; r2-testkit::contract_fake fake_pkcs11::test_certificate_import_list_export_delete ; r2-testkit::contract_fake fake_pkcs11::test_data_object_identity_and_verbs ; r2-testkit::contract_fake fake_pkcs11::test_data_object_round_trip ; r2-testkit::contract_fake fake_pkcs11::test_delete_key ; r2-testkit::contract_fake fake_pkcs11::test_duplicate_identity_guard_exempts_families_and_certs ; r2-testkit::contract_fake fake_pkcs11::test_duplicate_identity_refused ; r2-testkit::contract_fake fake_pkcs11::test_encrypt_decrypt_round_trip ; r2-testkit::contract_fake fake_pkcs11::test_find_key_ambiguity ; r2-testkit::contract_fake fake_pkcs11::test_find_key_class_selector_picks_keypair_half ; r2-testkit::contract_fake fake_pkcs11::test_find_key_not_found ; r2-testkit::contract_fake fake_pkcs11::test_generate_generic_secret ; r2-testkit::contract_fake fake_pkcs11::test_generate_keypair_shares_label ; r2-testkit::contract_fake fake_pkcs11::test_generate_secret_key ; r2-testkit::contract_fake fake_pkcs11::test_generic_secret_round_trip ; r2-testkit::contract_fake fake_pkcs11::test_generic_secret_wrap_unwrap_where_supported ; r2-testkit::contract_fake fake_pkcs11::test_hmac_needs_a_generic_secret_and_cmac_an_aes_key ; r2-testkit::contract_fake fake_pkcs11::test_hmac_sign_verify_round_trip ; r2-testkit::contract_fake fake_pkcs11::test_import_export_round_trip_secret ; r2-testkit::contract_fake fake_pkcs11::test_imported_key_is_listed_and_found ; r2-testkit::contract_fake fake_pkcs11::test_login_rejected_when_not_required ; r2-testkit::contract_fake fake_pkcs11::test_non_exportable_key_refuses_export ; r2-testkit::contract_fake fake_pkcs11::test_pkcs11_secret_attributes_carry_flags ; r2-testkit::contract_fake fake_pkcs11::test_read_full_template_dumps_class_and_identity ; r2-testkit::contract_fake fake_pkcs11::test_read_full_template_has_no_key_type_for_cert_and_data ; r2-testkit::contract_fake fake_pkcs11::test_read_key_template_seeds_identity ; r2-testkit::contract_fake fake_pkcs11::test_sign_verify_round_trip ; r2-testkit::contract_fake fake_pkcs11::test_status_token_iff_logged_in ; r2-testkit::contract_fake fake_pkcs11::test_supports_is_consistent_with_mechanisms ; r2-testkit::contract_fake fake_pkcs11::test_update_key_duplicate_identity_refused ; r2-testkit::contract_fake fake_pkcs11::test_update_key_leaves_siblings_untouched ; r2-testkit::contract_fake fake_pkcs11::test_update_key_refusal_is_outcome_not_exception ; r2-testkit::contract_fake fake_pkcs11::test_update_key_renames_key ; r2-testkit::contract_fake fake_pkcs11::test_wrap_unwrap_round_trip_where_supported,"contract instantiation: provider_contract_tests! for FakeProvider('fakehsm', type_name='pkcs11') presentation; its 34 tests are the tests/contract/base.py rows (params=0: node IDs counted there)"
tests/integration/test_console_crypto.py::test_aes_gcm_command_round_trip,1,R9,ported,r2-console tests::console_crypto::test_aes_gcm_command_round_trip,
tests/integration/test_console_crypto.py::test_aes_gcm_interactive_fallbacks,1,R9,ported,r2-console tests::console_crypto::test_aes_gcm_interactive_fallbacks,
tests/integration/test_console_crypto.py::test_aes_gcm_tampered_tag_renders_error_at_repl_boundary,1,R9,ported,r2-console tests::console_crypto::test_aes_gcm_tampered_tag_renders_error_at_repl_boundary,
tests/integration/test_console_crypto.py::test_rsa_pss_command_round_trip,1,R9,ported,r2-console tests::console_crypto::test_rsa_pss_command_round_trip,
tests/integration/test_console_crypto.py::test_ops_table_for_memory_provider,1,R9,ported,r2-console tests::console_crypto::test_ops_table_for_memory_provider,
tests/integration/test_console_crypto.py::test_ops_key_filter_restricts_to_the_key,1,R9,ported,r2-console tests::console_crypto::test_ops_key_filter_restricts_to_the_key,
tests/integration/test_console_keys.py::test_console_keys_end_to_end,1,R8,ported,r2-cli::e2e_console_keys softhsm::test_console_keys_end_to_end_softhsm ; r2-cli::e2e_console_keys softhsm::console_keys_end_to_end_without_signing_softhsm ; r2-cli::e2e_console_keys memory_console_keys_end_to_end,"softhsm; drives the real checklist editor ('ok' answers, R10): port once R10 merges or script an accept-all editor until then | R8: the full session (CSRs on token) is #[ignore = ""needs R5b (merge checklist)""] until R5b's C_Sign merges; the session without CSRs runs now; template-editor answers are probed at run time (identity editor vs R10)"
tests/integration/test_console_keys.py::test_export_refusal_and_p12_self_signed,1,R8,ported,r2-cli::e2e_console_keys softhsm::test_export_refusal_and_p12_self_signed_softhsm,"softhsm; drives the real checklist editor ('ok' answers, R10): port once R10 merges or script an accept-all editor until then | R8: template-editor answers probed at run time (identity editor vs R10)"
tests/integration/test_console_keys.py::test_generate_honors_template_editor_cka_id,1,R10,ported,r2-console tests::template_editor_softhsm::test_generate_honors_template_editor_cka_id_softhsm ; r2-cli e2e_template_editor::test_generate_honors_template_editor_cka_id_e2e_softhsm,softhsm; the r2-cli case is c2's full session (config file + bootstrap wiring + exit status 0); editor `add CKA_ID=...` + identity-row note through the real checklist editor (R10); provider identity resolution is R5a
tests/integration/test_console_keys.py::test_key_template_dump_and_reseed,1,R14,ported,r2-console tests::key_template_softhsm::test_key_template_dump_and_reseed_softhsm ; r2-console tests::key_template_softhsm::r2_dump_of_a_c2_style_import_matches_c2_and_c2_dump_seeds_r2_softhsm,"softhsm; SoftHSM dump -> reseed round trip | R14: in-crate Pkcs11Provider session over run_line with an accept-all SpyEditor (c2 piped ""ok""); plus byte-identical dump vs a c2 dump of the same imported object and c2-dump seeding (§11 D18 -1)"
tests/integration/test_copy.py::TestExtractableAesCopies::test_mem_to_softhsm,1,R10,ported,r2-services::transfer_softhsm test_mem_to_softhsm,softhsm
tests/integration/test_copy.py::TestExtractableAesCopies::test_softhsm_to_mem,1,R10,ported,r2-services::transfer_softhsm test_softhsm_to_mem,softhsm
tests/integration/test_copy.py::TestExtractableAesCopies::test_softhsm_to_softhsm,1,R10,ported,r2-services::transfer_softhsm test_softhsm_to_softhsm,softhsm
tests/integration/test_copy.py::TestExtractableAesCopies::test_all_three_routes_agree,1,R10,ported,r2-services::transfer_softhsm test_all_three_routes_agree,softhsm
tests/integration/test_copy.py::TestNonExtractableRefusal::test_decline_offer_raises_key_not_exportable,1,R10,ported,r2-services::transfer_softhsm test_decline_offer_raises_key_not_exportable,softhsm
tests/integration/test_copy.py::TestNonExtractableRefusal::test_accept_offer_copies_public_part,1,R10,ported,r2-services::transfer_softhsm test_accept_offer_copies_public_part,softhsm
tests/integration/test_custom_mechanism.py::test_custom_mechanism_ops_row_and_dispatch_with_prompts,1,R13,ported,r2-console tests::custom_mechanism::test_custom_mechanism_ops_row_and_dispatch_with_prompts,R13: run_line over FakeProvider(pkcs11) + FakeHooks sign recorder (c2 RecordingFake)
tests/integration/test_custom_mechanism.py::test_custom_mechanism_hidden_without_token_support,1,R13,ported,r2-console tests::custom_mechanism::test_custom_mechanism_hidden_without_token_support,R13: plus the advertising twin
tests/integration/test_custom_mechanism.py::test_custom_ckm_passthrough_on_softhsm,1,R13,ported,r2-cli::e2e_custom_mechanism test_custom_ckm_passthrough_on_softhsm,"softhsm | R13: real binary, piped session, COLUMNS=200 (c2 RenderingIO width)"
tests/integration/test_end_to_end.py::test_full_scenario_load_copy_sign_verify_export_csr,1,R13,ported,r2-cli::e2e_end_to_end softhsm::test_full_scenario_load_copy_sign_verify_export_csr,"softhsm | R13: real binary, piped session; independent checks via MemoryProvider/r2-core parsers (r2-cli has no openssl dev-dep)"
tests/integration/test_end_to_end.py::test_encrypted_traditional_pem_paste_through_console,1,R13,ported,r2-console tests::end_to_end::test_encrypted_traditional_pem_paste_through_console ; r2-cli::e2e_end_to_end test_encrypted_traditional_pem_paste_through_console,"R13: in-process run_repl + ScriptedIo (whole PEM as one multiline answer, c2 mechanics) and the piped binary (quoted multi-line token: a piped empty line after DEK-Info ends the | paste in c2 and r2 alike); PEM fixture generated once with pyca"
tests/integration/test_load_kek.py::test_load_wrapped_aes_under_an_aes_kek,1,R15,ported,r2-console tests::load_kek_softhsm::test_load_wrapped_aes_under_an_aes_kek_softhsm ; r2-console tests::load_kek_softhsm::test_load_wrapped_aes_under_an_aes_kek_with_template_file_softhsm,"softhsm; uses --template files (R14) to give KEKs CKA_WRAP/CKA_UNWRAP: needs R14 merged first (PLAN has no R15->R14 edge) | R15: ported with a session template editor that applies the c2 template-file sections (same attributes, no --template), so it runs before R14; software blobs via MemoryProvider (OpenSSL) instead of pyca; c2 xfail(strict=False) legs tolerate exactly a Pkcs11/UnsupportedOperation refusal; the literal --template form is #[ignore = ""needs R14 (merge checklist)""] — the R14 merge must drop that ignore"
tests/integration/test_load_kek.py::test_load_wrapped_aes_under_an_rsa_kek,1,R15,ported,r2-console tests::load_kek_softhsm::test_load_wrapped_aes_under_an_rsa_kek_softhsm ; r2-console tests::load_kek_softhsm::test_load_wrapped_aes_under_an_rsa_kek_with_template_file_softhsm,"softhsm; uses --template files (R14) to give KEKs CKA_WRAP/CKA_UNWRAP: needs R14 merged first (PLAN has no R15->R14 edge) | R15: ported with a session template editor that applies the c2 template-file sections (same attributes, no --template), so it runs before R14; software blobs via MemoryProvider (OpenSSL) instead of pyca; c2 xfail(strict=False) legs tolerate exactly a Pkcs11/UnsupportedOperation refusal; the literal --template form is #[ignore = ""needs R14 (merge checklist)""] — the R14 merge must drop that ignore"
tests/integration/test_load_kek.py::test_load_wrapped_ec_private_key,1,R15,ported,r2-console tests::load_kek_softhsm::test_load_wrapped_ec_private_key_softhsm,"softhsm; xfail(strict=False) in c2; uses --template files (R14) to give KEKs CKA_WRAP/CKA_UNWRAP: needs R14 merged first (PLAN has no R15->R14 edge) | R15: ported with a session template editor that applies the c2 template-file sections (same attributes, no --template), so it runs before R14; software blobs via MemoryProvider (OpenSSL) instead of pyca; c2 xfail(strict=False) legs tolerate exactly a Pkcs11/UnsupportedOperation refusal"
tests/integration/test_load_kek.py::test_load_wrapped_aes_via_cbc,1,R15,ported,r2-console tests::load_kek_softhsm::test_load_wrapped_aes_via_cbc_softhsm,"softhsm; xfail(strict=False) in c2; uses --template files (R14) to give KEKs CKA_WRAP/CKA_UNWRAP: needs R14 merged first (PLAN has no R15->R14 edge) | R15: ported with a session template editor that applies the c2 template-file sections (same attributes, no --template), so it runs before R14; software blobs via MemoryProvider (OpenSSL) instead of pyca; c2 xfail(strict=False) legs tolerate exactly a Pkcs11/UnsupportedOperation refusal"
tests/integration/test_load_kek.py::test_wrong_kek_is_reported_not_silently_wrong,1,R15,ported,r2-console tests::load_kek_softhsm::test_wrong_kek_is_reported_not_silently_wrong_softhsm,"softhsm; uses --template files (R14) to give KEKs CKA_WRAP/CKA_UNWRAP: needs R14 merged first (PLAN has no R15->R14 edge) | R15: ported with a session template editor that applies the c2 template-file sections (same attributes, no --template), so it runs before R14; software blobs via MemoryProvider (OpenSSL) instead of pyca; c2 xfail(strict=False) legs tolerate exactly a Pkcs11/UnsupportedOperation refusal"
tests/integration/test_load_kek.py::test_export_wrapped_then_load_round_trip,1,R15,ported,r2-console tests::load_kek_softhsm::test_export_wrapped_then_load_round_trip_softhsm,"softhsm; uses --template files (R14) to give KEKs CKA_WRAP/CKA_UNWRAP: needs R14 merged first (PLAN has no R15->R14 edge) | R15: ported with a session template editor that applies the c2 template-file sections (same attributes, no --template), so it runs before R14; software blobs via MemoryProvider (OpenSSL) instead of pyca; c2 xfail(strict=False) legs tolerate exactly a Pkcs11/UnsupportedOperation refusal"
tests/integration/test_load_kek.py::test_export_wrapped_hex_round_trips,1,R15,ported,r2-console tests::load_kek_softhsm::test_export_wrapped_hex_round_trips_softhsm,"softhsm; uses --template files (R14) to give KEKs CKA_WRAP/CKA_UNWRAP: needs R14 merged first (PLAN has no R15->R14 edge) | R15: ported with a session template editor that applies the c2 template-file sections (same attributes, no --template), so it runs before R14; software blobs via MemoryProvider (OpenSSL) instead of pyca; c2 xfail(strict=False) legs tolerate exactly a Pkcs11/UnsupportedOperation refusal"
tests/integration/test_load_kek.py::test_sensitive_key_exports_wrapped_but_not_plain,1,R15,ported,r2-console tests::load_kek_softhsm::test_sensitive_key_exports_wrapped_but_not_plain_softhsm ; r2-console tests::load_kek_softhsm::test_sensitive_key_exports_wrapped_but_not_plain_with_template_file_softhsm,"softhsm; uses --template files (R14) to give KEKs CKA_WRAP/CKA_UNWRAP: needs R14 merged first (PLAN has no R15->R14 edge) | R15: ported with a session template editor that applies the c2 template-file sections (same attributes, no --template), so it runs before R14; software blobs via MemoryProvider (OpenSSL) instead of pyca; c2 xfail(strict=False) legs tolerate exactly a Pkcs11/UnsupportedOperation refusal; the literal --template form is #[ignore = ""needs R14 (merge checklist)""] — the R14 merge must drop that ignore"
tests/integration/test_objects_softhsm.py::test_hmac_matches_stdlib_and_crosses_providers,1,R5b,ported,r2-pkcs11::softhsm_crypto softhsm_hmac_matches_openssl,"softhsm; PLAN R13 card lists this file but it holds no console e2e test: provider-level -> R5b, transfer::copy_key legs -> R10 | R5b: the MemoryProvider legs are not exchanged directly (r2-pkcs11 may not dev-depend on r2-memory, §4.1.2): the token is checked against OpenSSL HMAC both ways (sign == OpenSSL, verify accepts the OpenSSL MAC, incl. mac_len=12), and MemoryProvider == stdlib HMAC is r2-memory::memory_objects test_hmac_matches_stdlib_for_every_hash; residual gap (a direct token<->memory exchange) left to R10 transfer HMAC copy / R13 e2e"
tests/integration/test_objects_softhsm.py::test_generate_generic_on_token_and_export,1,R5b,ported,r2-pkcs11::softhsm_crypto softhsm_generate_generic_on_token_and_export,"softhsm; PLAN R13 card lists this file but it holds no console e2e test: provider-level -> R5b, transfer::copy_key legs -> R10"
tests/integration/test_objects_softhsm.py::test_short_key_sha512_is_a_key_size_range_error,1,R5b,ported,r2-pkcs11::softhsm_crypto softhsm_short_key_sha512_is_a_key_size_range_error,"softhsm; xfail(strict=False) in c2; PLAN R13 card lists this file but it holds no console e2e test: provider-level -> R5b, transfer::copy_key legs -> R10 | r2 asserts it outright: SoftHSM 2.6.1 and 2.7.0 both enforce the HMAC key-length rule (S0)"
tests/integration/test_objects_softhsm.py::test_generic_secret_copy_round_trip,1,R10,ported,r2-services::transfer_softhsm test_generic_secret_copy_round_trip,"softhsm; PLAN R13 card lists this file but it holds no console e2e test: provider-level -> R5b, transfer::copy_key legs -> R10; transfer::copy_key mem<->SoftHSM"
tests/integration/test_objects_softhsm.py::test_data_object_lifecycle_on_token,1,R10,ported,r2-services::transfer_softhsm test_data_object_lifecycle_on_token ; r2-services::transfer_softhsm data_object_extras_travel_token_to_token_softhsm,"softhsm; PLAN R13 card lists this file but it holds no console e2e test: provider-level -> R5b, transfer::copy_key legs -> R10; provider data-object lifecycle (R5a/R5b) plus transfer::copy_key legs"
tests/integration/test_objects_softhsm.py::test_certificate_copy_round_trip,1,R10,ported,r2-services::transfer_softhsm test_certificate_copy_round_trip,"softhsm; PLAN R13 card lists this file but it holds no console e2e test: provider-level -> R5b, transfer::copy_key legs -> R10; transfer::copy_key mem<->SoftHSM"
tests/integration/test_pkcs11_provider.py::TestLogin::test_login_status_logout,1,R5a,ported,r2-pkcs11::softhsm_provider softhsm_login_status_logout,softhsm; R5a accept: SoftHSM login
tests/integration/test_pkcs11_provider.py::TestLogin::test_wrong_pin,1,R5a,ported,r2-pkcs11::softhsm_provider softhsm_wrong_pin,softhsm; R5a accept: SoftHSM login
tests/integration/test_pkcs11_provider.py::TestGenerate::test_generate_aes_applies_template,1,R5a,ported,r2-pkcs11::softhsm_provider softhsm_generate_aes_applies_template,softhsm; R5a accept: generate
tests/integration/test_pkcs11_provider.py::TestGenerate::test_generate_rsa_keypair_shared_label_and_id,1,R5a,ported,r2-pkcs11::softhsm_provider softhsm_generate_rsa_keypair_shared_label_and_id,softhsm; R5a accept: generate
tests/integration/test_pkcs11_provider.py::TestLoadObjects::test_load_aes_rsa_ec_and_cert,1,R5a,ported,r2-pkcs11::softhsm_provider softhsm_load_every_object_kind,softhsm; R5a accept: import of every object kind
tests/integration/test_pkcs11_provider.py::TestCrypto::test_cbc_round_trip_and_padding_modes,1,R5b,ported,r2-pkcs11::softhsm_crypto softhsm_cbc_round_trip_and_padding_modes,softhsm
tests/integration/test_pkcs11_provider.py::TestCrypto::test_gcm_round_trip_matches_pyca,1,R5b,ported,r2-pkcs11::softhsm_crypto softhsm_gcm_round_trip_matches_openssl,softhsm
tests/integration/test_pkcs11_provider.py::TestCrypto::test_gmac_construction_matches_pyca,1,R5b,ported,r2-pkcs11::softhsm_crypto softhsm_gmac_construction_matches_openssl,softhsm
tests/integration/test_pkcs11_provider.py::TestCrypto::test_pkcs1_sign_verify_and_pyca_crosscheck,1,R5b,ported,r2-pkcs11::softhsm_crypto softhsm_pkcs1_sign_verify_and_openssl_crosscheck,softhsm
tests/integration/test_pkcs11_provider.py::TestCrypto::test_ecdsa_sign_verify_and_pyca_crosscheck,1,R5b,ported,r2-pkcs11::softhsm_crypto softhsm_ecdsa_sign_verify_and_openssl_crosscheck,softhsm
tests/integration/test_pkcs11_provider.py::TestCrypto::test_wrap_unwrap_round_trip,1,R5b,ported,r2-pkcs11::softhsm_crypto softhsm_wrap_unwrap_round_trip,softhsm
tests/integration/test_pkcs11_provider.py::TestPkcs11ProviderContract,0,R5b,ported,r2-pkcs11::contract_softhsm pkcs11_softhsm::test_certificate_acts_as_public_key ; r2-pkcs11::contract_softhsm pkcs11_softhsm::test_certificate_import_list_export_delete ; r2-pkcs11::contract_softhsm pkcs11_softhsm::test_data_object_identity_and_verbs ; r2-pkcs11::contract_softhsm pkcs11_softhsm::test_data_object_round_trip ; r2-pkcs11::contract_softhsm pkcs11_softhsm::test_delete_key ; r2-pkcs11::contract_softhsm pkcs11_softhsm::test_duplicate_identity_guard_exempts_families_and_certs ; r2-pkcs11::contract_softhsm pkcs11_softhsm::test_duplicate_identity_refused ; r2-pkcs11::contract_softhsm pkcs11_softhsm::test_encrypt_decrypt_round_trip ; r2-pkcs11::contract_softhsm pkcs11_softhsm::test_find_key_ambiguity ; r2-pkcs11::contract_softhsm pkcs11_softhsm::test_find_key_class_selector_picks_keypair_half ; r2-pkcs11::contract_softhsm pkcs11_softhsm::test_find_key_not_found ; r2-pkcs11::contract_softhsm pkcs11_softhsm::test_generate_generic_secret ; r2-pkcs11::contract_softhsm pkcs11_softhsm::test_generate_keypair_shares_label ; r2-pkcs11::contract_softhsm pkcs11_softhsm::test_generate_secret_key ; r2-pkcs11::contract_softhsm pkcs11_softhsm::test_generic_secret_round_trip ; r2-pkcs11::contract_softhsm pkcs11_softhsm::test_generic_secret_wrap_unwrap_where_supported ; r2-pkcs11::contract_softhsm pkcs11_softhsm::test_hmac_needs_a_generic_secret_and_cmac_an_aes_key ; r2-pkcs11::contract_softhsm pkcs11_softhsm::test_hmac_sign_verify_round_trip ; r2-pkcs11::contract_softhsm pkcs11_softhsm::test_import_export_round_trip_secret ; r2-pkcs11::contract_softhsm pkcs11_softhsm::test_imported_key_is_listed_and_found ; r2-pkcs11::contract_softhsm pkcs11_softhsm::test_login_rejected_when_not_required ; r2-pkcs11::contract_softhsm pkcs11_softhsm::test_non_exportable_key_refuses_export ; r2-pkcs11::contract_softhsm pkcs11_softhsm::test_pkcs11_secret_attributes_carry_flags ; r2-pkcs11::contract_softhsm pkcs11_softhsm::test_read_full_template_dumps_class_and_identity ; r2-pkcs11::contract_softhsm pkcs11_softhsm::test_read_full_template_has_no_key_type_for_cert_and_data ; r2-pkcs11::contract_softhsm pkcs11_softhsm::test_read_key_template_seeds_identity ; r2-pkcs11::contract_softhsm pkcs11_softhsm::test_sign_verify_round_trip ; r2-pkcs11::contract_softhsm pkcs11_softhsm::test_status_token_iff_logged_in ; r2-pkcs11::contract_softhsm pkcs11_softhsm::test_supports_is_consistent_with_mechanisms ; r2-pkcs11::contract_softhsm pkcs11_softhsm::test_update_key_duplicate_identity_refused ; r2-pkcs11::contract_softhsm pkcs11_softhsm::test_update_key_leaves_siblings_untouched ; r2-pkcs11::contract_softhsm pkcs11_softhsm::test_update_key_refusal_is_outcome_not_exception ; r2-pkcs11::contract_softhsm pkcs11_softhsm::test_update_key_renames_key ; r2-pkcs11::contract_softhsm pkcs11_softhsm::test_wrap_unwrap_round_trip_where_supported,"softhsm; contract instantiation: provider_contract_tests! for Pkcs11Provider on SoftHSM (logged in, per-test shutdown); its 34 tests are the tests/contract/base.py rows (params=0: node IDs counted there)"
tests/integration/test_pkcs11_provider.py::TestInitToken::test_init_token_label_round_trips_exactly,1,R5a,ported,r2-pkcs11::softhsm_provider softhsm_init_token_label_round_trips_exactly,softhsm; init_token is R5a-owned
tests/integration/test_pkcs11_provider.py::TestKeyEdit::test_edit_mixes_applied_and_refused_attributes,1,R5b,ported,r2-pkcs11::softhsm_crypto softhsm_edit_mixes_applied_and_refused_attributes,softhsm
tests/integration/test_pkcs11_provider.py::TestKeyEdit::test_read_key_template_snapshots_the_object,1,R5b,ported,r2-pkcs11::softhsm_crypto softhsm_read_key_template_snapshots_the_object,softhsm
tests/integration/test_pkcs11_provider.py::TestKeyEdit::test_keypair_half_rename_leaves_sibling,1,R5b,ported,r2-pkcs11::softhsm_crypto softhsm_keypair_half_rename_leaves_sibling,softhsm
tests/integration/test_softhsm_fixture.py::test_softhsm_token_is_initialized_and_listed,1,R0,ported,r2-testkit::softhsm_fixture test_softhsm_token_is_initialized_and_listed,"softhsm | feature softhsm; token R2TEST (D7) initialized by scripts/softhsm-init.sh before the test process, fails (never skips) when the env is missing (§4.10.5)"
tests/integration/test_softhsm_fixture.py::test_unique_label_is_fresh_per_use,1,R0,ported,r2-testkit::softhsm_fixture test_unique_label_is_fresh_per_use ; r2-testkit::softhsm_fixture test_unique_label_drop_deletes_objects_created_under_it,softhsm | feature softhsm; prefix r2test- (D7); r2 adds a teardown-deletion test (pkcs11-tool)
tests/integration/test_wizard.py::test_wizard_yields_working_provider,1,R11,ported,r2-console tests::wizard_softhsm::softhsm_wizard_yields_working_provider ; r2-console tests::wizard_softhsm::softhsm_wizard_token_round_trips_aes_gcm ; r2-cli::e2e_wizard softhsm_wizard_e2e_first_login_sets_up_and_persists,"softhsm | the GCM round trip is #[ignore]d until R5b merges (encrypt/decrypt stubs), the e2e until R8 merges (login)"
tests/integration/test_wizard.py::test_wizard_falls_back_to_softhsm2_util,1,R11,ported,r2-console tests::wizard_softhsm::softhsm_wizard_falls_back_to_softhsm2_util,softhsm | monkeypatched init_token → a BrokenInit wrapper over the real Pkcs11Provider
tests/unit/console/test_app.py::test_build_operation_registry_registers_builtins_and_customs,1,R3,ported,r2-ops::build_registry test_build_operation_registry_registers_builtins_and_customs,build_operation_registry moved to R3 (spec §4.1.1): r2_ops::registry
tests/unit/console/test_app.py::test_custom_op_resolves_via_cli_name,1,R3,ported,r2-ops::build_registry test_custom_op_resolves_via_cli_name,build_operation_registry + resolve_cli moved to R3 (spec §4.1.1): r2_ops::registry
tests/unit/console/test_app.py::test_custom_ckm_map,1,R7,ported,r2-cli::bin/r2 bootstrap::tests::test_custom_ckm_map,
tests/unit/console/test_app.py::test_template_editor_wiring_matches_l10_presence,1,R7,n/a:lazy-import-wiring,,importlib.find_spec optional-module wiring; r2 constructs the editor directly (covered by test_template_editor.py::test_bootstrap_picks_up_the_real_editor)
tests/unit/console/test_app.py::test_template_editor_uses_factory_when_module_present,1,R7,n/a:lazy-import-wiring,,sys.modules factory injection; r2 constructs the editor directly
tests/unit/console/test_app.py::test_bootstrap_registers_memory_and_pkcs11_with_ckm_map,1,R7,ported,r2-cli::bin/r2 bootstrap::tests::test_bootstrap_registers_memory_and_pkcs11_with_ckm_map ; r2-cli::bin/r2 bootstrap::tests::duplicate_provider_names_are_startup_errors,Python stubs the provider modules via sys.modules: inject provider constructors / a fake library path in Rust
tests/unit/console/test_app.py::test_bootstrap_memory_disabled,1,R7,ported,r2-cli::bin/r2 bootstrap::tests::test_bootstrap_memory_disabled,Python stubs the provider modules via sys.modules: inject provider constructors / a fake library path in Rust
tests/unit/console/test_app.py::test_bootstrap_softhsm_autodetect_registers_provider,1,R7,ported,r2-cli::bin/r2 bootstrap::tests::test_bootstrap_softhsm_autodetect_registers_provider,Python stubs the provider modules via sys.modules: inject provider constructors / a fake library path in Rust
tests/unit/console/test_app.py::test_bootstrap_softhsm_not_found,1,R7,ported,r2-cli::bin/r2 bootstrap::tests::test_bootstrap_softhsm_not_found,Python stubs the provider modules via sys.modules: inject provider constructors / a fake library path in Rust
tests/unit/console/test_app.py::test_bootstrap_softhsm_name_collision_skips_autodetect,1,R7,ported,r2-cli::bin/r2 bootstrap::tests::test_bootstrap_softhsm_name_collision_skips_autodetect,Python stubs the provider modules via sys.modules: inject provider constructors / a fake library path in Rust
tests/unit/console/test_app.py::test_version_flag,1,R7,ported,r2-cli::e2e_repl test_version_flag ; r2-cli::bin/r2 args::tests::usage_errors_exit_2_and_version_has_no_short_flag,
tests/unit/console/test_app.py::test_config_flag_missing_file_is_a_hard_error,1,R7,ported,r2-cli::e2e_repl test_config_flag_missing_file_is_a_hard_error ; r2-cli::bin/r2 tests::test_config_flag_missing_file_is_a_hard_error ; r2-cli::bin/r2 tests::startup_errors_after_logging_exit_2,
tests/unit/console/test_app.py::test_main_runs_a_scripted_session_with_stub_providers,1,R7,ported,r2-cli::bin/r2 tests::test_main_runs_a_scripted_session_with_stub_providers,Python stubs the provider modules via sys.modules: inject provider constructors / a fake library path in Rust
tests/unit/console/test_app.py::test_main_debug_flag_forces_debug_and_stderr_mirror,1,R7,ported,r2-cli::bin/r2 tests::test_main_debug_flag_forces_debug_and_stderr_mirror ; r2-cli::e2e_repl debug_flag_logs_debug_records,Python stubs the provider modules via sys.modules: inject provider constructors / a fake library path in Rust
tests/unit/console/test_app.py::test_main_shuts_providers_down_in_the_finally,1,R7,ported,r2-cli::bin/r2 tests::test_main_shuts_providers_down_in_the_finally ; r2-cli::bin/r2 tests::shutdown_failures_are_logged_as_warnings,Python stubs the provider modules via sys.modules: inject provider constructors / a fake library path in Rust; Drop guard replaces the finally (PLAN §6)
tests/unit/console/test_app.py::test_main_end_to_end_with_real_providers,1,R7,ported,r2-cli::e2e_repl test_main_end_to_end_with_real_providers,skipif in c2; skipped in c2 until L4/L5 merged | R7: #[ignore] (reported as skipped) until R7 merges after R4/R5a; the merge removes the ignore so it always runs
tests/unit/console/test_commands.py::test_help_lists_every_command,1,R7,ported,r2-console tests::commands::test_help_lists_every_command,
tests/unit/console/test_commands.py::test_help_detail_shows_usage_and_flags,1,R7,ported,r2-console tests::commands::test_help_detail_shows_usage_and_flags,
tests/unit/console/test_commands.py::test_help_unknown_command_suggests,1,R7,ported,r2-console tests::commands::test_help_unknown_command_suggests,
tests/unit/console/test_commands.py::test_exit_and_quit_raise_repl_exit,2,R7,ported,r2-console tests::commands::test_exit_and_quit_raise_repl_exit,Rust: exit/quit return Ok(Flow::Exit)
tests/unit/console/test_commands.py::test_clear_falls_back_to_ansi_for_plain_io,1,R7,ported,r2-console tests::commands::test_clear_falls_back_to_ansi_for_plain_io,
tests/unit/console/test_commands.py::test_clear_uses_io_clear_when_available,1,R7,ported,r2-console tests::commands::test_clear_uses_io_clear_when_available,R7: ConsoleIo::clear override
tests/unit/console/test_commands.py::test_config_path_with_external_file,1,R7,ported,r2-console tests::commands::test_config_path_with_external_file ; r2-cli::e2e_repl config_path_and_origin_render_provenance,
tests/unit/console/test_commands.py::test_config_path_defaults_only,1,R7,ported,r2-console tests::commands::test_config_path_defaults_only ; r2-cli::e2e_repl config_path_without_external_file_names_the_discovery_order,e2e half #[ignore] (reported as skipped) until R7 merges after R4/R5a (the defaults construct MemoryProvider); the merge removes the ignore
tests/unit/console/test_commands.py::test_config_show_dumps_effective_yaml,1,R7,ported,r2-console tests::commands::test_config_show_dumps_effective_yaml ; r2-console tests::commands::config_show_is_byte_identical_to_c2 ; r2-cli::e2e_repl config_show_defaults_and_effective,
tests/unit/console/test_commands.py::test_config_show_origin_renders_all_six_sections,1,R7,ported,r2-console tests::commands::test_config_show_origin_renders_all_six_sections ; r2-console tests::commands::config_show_origin_appends_unknown_sections_and_defaults_missing_ones ; r2-cli::e2e_repl config_path_and_origin_render_provenance,
tests/unit/console/test_commands.py::test_config_show_defaults_prints_embedded_annotated_yaml,1,R7,ported,r2-console tests::commands::test_config_show_defaults_prints_embedded_annotated_yaml,
tests/unit/console/test_commands.py::test_config_show_defaults_and_origin_conflict,1,R7,ported,r2-console tests::commands::test_config_show_defaults_and_origin_conflict,
tests/unit/console/test_commands.py::test_config_unknown_subcommand,1,R7,ported,r2-console tests::commands::test_config_unknown_subcommand,
tests/unit/console/test_commands.py::test_config_bare_defaults_to_show,1,R7,ported,r2-console tests::commands::test_config_bare_defaults_to_show,
tests/unit/console/test_completer.py::test_first_token_completes_command_names,1,R7,ported,r2-console tests::completer::test_first_token_completes_command_names,
tests/unit/console/test_completer.py::test_second_token_delegates_to_command_complete,1,R7,ported,r2-console tests::completer::test_second_token_delegates_to_command_complete,
tests/unit/console/test_completer.py::test_no_completion_inside_open_quote,1,R7,ported,r2-console tests::completer::test_no_completion_inside_open_quote,
tests/unit/console/test_completer.py::test_no_completion_for_unknown_command,1,R7,ported,r2-console tests::completer::test_no_completion_for_unknown_command,
tests/unit/console/test_completer.py::test_command_complete_errors_are_swallowed,1,R7,ported,r2-console tests::completer::test_command_complete_errors_are_swallowed,
tests/unit/console/test_completer.py::test_help_arg_completion_stops_after_first_arg,1,R7,ported,r2-console tests::completer::test_help_arg_completion_stops_after_first_arg,
tests/unit/console/test_completer.py::test_complete_provider_names,1,R7,ported,r2-console tests::completer::test_complete_provider_names,
tests/unit/console/test_completer.py::test_complete_refs_without_colon_yields_provider_prefixes,1,R7,ported,r2-console tests::completer::test_complete_refs_without_colon_yields_provider_prefixes,
tests/unit/console/test_completer.py::test_complete_refs_lists_keys_of_browsable_provider,1,R7,ported,r2-console tests::completer::test_complete_refs_lists_keys_of_browsable_provider ; r2-console tests::completer::suggestion_spans_are_byte_ranges_of_the_raw_token ; r2-console tests::completer::suggestions_never_append_whitespace_and_paths_show_their_last_component ; r2-console tests::completer::highlighting_styles_follow_the_grammar,
tests/unit/console/test_completer.py::test_complete_refs_suffixes_keypair_family,1,R7,ported,r2-console tests::completer::test_complete_refs_suffixes_keypair_family,
tests/unit/console/test_completer.py::test_complete_refs_logged_out_provider_completes_prefix_only,1,R7,ported,r2-console tests::completer::test_complete_refs_logged_out_provider_completes_prefix_only,
tests/unit/console/test_completer.py::test_complete_refs_unknown_provider,1,R7,ported,r2-console tests::completer::test_complete_refs_unknown_provider,
tests/unit/console/test_completer.py::test_complete_refs_class_stage_for_plain_label,1,R7,ported,r2-console tests::completer::test_complete_refs_class_stage_for_plain_label,
tests/unit/console/test_completer.py::test_complete_refs_id_selector_stages,1,R7,ported,r2-console tests::completer::test_complete_refs_id_selector_stages,
tests/unit/console/test_completer.py::test_complete_refs_keypair_family_selector_stages,1,R7,ported,r2-console tests::completer::test_complete_refs_keypair_family_selector_stages,
tests/unit/console/test_completer.py::test_complete_refs_label_stage_matches_keys_table,1,R7,ported,r2-console tests::completer::test_complete_refs_label_stage_matches_keys_table,
tests/unit/console/test_completer.py::test_complete_refs_ambiguous_selector_not_offered,1,R7,ported,r2-console tests::completer::test_complete_refs_ambiguous_selector_not_offered,
tests/unit/console/test_completer.py::test_complete_refs_labels_containing_delimiters,1,R7,ported,r2-console tests::completer::test_complete_refs_labels_containing_delimiters,
tests/unit/console/test_completer.py::test_complete_refs_selector_stage_logged_out_prefix_only,1,R7,ported,r2-console tests::completer::test_complete_refs_selector_stage_logged_out_prefix_only,
tests/unit/console/test_completer.py::test_complete_refs_candidates_always_parse,1,R7,ported,r2-console tests::completer::test_complete_refs_candidates_always_parse,
tests/unit/console/test_completer.py::test_selector_stage_through_console_completer,1,R7,ported,r2-console tests::completer::test_selector_stage_through_console_completer,R7: console path driven with a `delete` stand-in command (R8's keys module not merged in R7)
tests/unit/console/test_copy_cmd.py::test_copy_is_auto_discovered,1,R10,ported,r2-console tests::copy_cmd::test_copy_is_auto_discovered,Rust: the build.rs aggregator registers `copy`
tests/unit/console/test_copy_cmd.py::test_copy_mem_to_pkcs11_end_to_end,1,R10,ported,r2-console tests::copy_cmd::test_copy_mem_to_pkcs11_end_to_end,
tests/unit/console/test_copy_cmd.py::test_copy_editor_defaults_keep_the_copy_locked_down,1,R10,ported,r2-console tests::copy_cmd::test_copy_editor_defaults_keep_the_copy_locked_down,
tests/unit/console/test_copy_cmd.py::test_copy_honors_label_and_id_options,1,R10,ported,r2-console tests::copy_cmd::test_copy_honors_label_and_id_options,
tests/unit/console/test_copy_cmd.py::test_copy_id_without_prefix,1,R10,ported,r2-console tests::copy_cmd::test_copy_id_without_prefix,
tests/unit/console/test_copy_cmd.py::test_copy_public_half_by_class_ref_takes_plain_route,1,R10,ported,r2-console tests::copy_cmd::test_copy_public_half_by_class_ref_takes_plain_route,
tests/unit/console/test_copy_cmd.py::test_copy_wrong_arity_raises_usage_error,3,R10,ported,r2-console tests::copy_cmd::test_copy_wrong_arity_raises_usage_error,
tests/unit/console/test_copy_cmd.py::test_copy_bad_id_hex_raises_param_error,1,R10,ported,r2-console tests::copy_cmd::test_copy_bad_id_hex_raises_param_error,
tests/unit/console/test_copy_cmd.py::test_copy_unknown_source_key_and_dest_provider,1,R10,ported,r2-console tests::copy_cmd::test_copy_unknown_source_key_and_dest_provider,
tests/unit/console/test_copy_cmd.py::test_complete_offers_refs_providers_and_options,1,R10,ported,r2-console tests::copy_cmd::test_complete_offers_refs_providers_and_options,asserts the --template option (R14 feature) in copy's completion
tests/unit/console/test_copy_cmd.py::test_complete_source_ref_offers_key_refs_and_selectors,1,R10,ported,r2-console tests::copy_cmd::test_complete_source_ref_offers_key_refs_and_selectors,
tests/unit/console/test_copy_cmd.py::test_copy_template_seeds_destination_editor,1,R14,ported,r2-console tests::key_template::test_copy_template_seeds_destination_editor,"--template / key template / templatefile -> R14 | R14: #[ignore = ""needs R10 (merge checklist)""] (copy command is R10's)"
tests/unit/console/test_copy_cmd.py::test_copy_template_memory_destination_raises,1,R14,ported,r2-console tests::key_template::test_copy_template_memory_destination_raises,"--template / key template / templatefile -> R14 | R14: #[ignore = ""needs R10 (merge checklist)""] (copy command is R10's)"
tests/unit/console/test_discovery.py::test_discovery_finds_the_l7_commands,1,R7,ported,r2-console tests::discovery::test_discovery_finds_the_l7_commands ; r2-console tests::discovery::duplicate_command_names_are_a_config_error ; r2-console tests::build_discovery::build_rs_lists_every_command_module,
tests/unit/console/test_discovery.py::test_every_module_exports_a_commands_list,1,R7,n/a:pkgutil-discovery,,the build.rs-generated aggregator does not compile if a commands/*.rs lacks its export
tests/unit/console/test_discovery.py::test_command_metadata_is_complete,1,R7,ported,r2-console tests::discovery::test_command_metadata_is_complete,the frozenset type check on flags is Python-only
tests/unit/console/test_discovery.py::test_config_declares_its_boolean_flags,1,R7,ported,r2-console tests::discovery::test_config_declares_its_boolean_flags,
tests/unit/console/test_discovery.py::test_all_commands_is_cached,1,R7,n/a:python-caching,,functools cache identity of the discovery result; the Rust aggregator is static
tests/unit/console/test_discovery.py::test_there_is_no_central_registration_table,1,R7,ported,r2-console tests::discovery::test_there_is_no_central_registration_table,port as a check that commands/mod.rs include!s the build.rs-generated aggregator (no hand-maintained list)
tests/unit/console/test_export_kek.py::test_wrapped_export_writes_a_loadable_blob,1,R15,ported,r2-console tests::export_kek::test_wrapped_export_writes_a_loadable_blob,
tests/unit/console/test_export_kek.py::test_outformat_encodings,3,R15,ported,r2-console tests::export_kek::test_outformat_encodings,
tests/unit/console/test_export_kek.py::test_mech_params_travel_as_name_value_tokens,1,R15,ported,r2-console tests::export_kek::test_mech_params_travel_as_name_value_tokens,
tests/unit/console/test_export_kek.py::test_private_key_wraps_as_pkcs8,1,R15,ported,r2-console tests::export_kek::test_private_key_wraps_as_pkcs8,
tests/unit/console/test_export_kek.py::test_rsa_public_kek_with_explicit_selector,1,R15,ported,r2-console tests::export_kek::test_rsa_public_kek_with_explicit_selector,
tests/unit/console/test_export_kek.py::test_certificate_kek_is_accepted,1,R15,ported,r2-console tests::export_kek::test_certificate_kek_is_accepted,
tests/unit/console/test_export_kek.py::test_sensitive_but_extractable_key_exports_wrapped,1,R15,ported,r2-console tests::export_kek::test_sensitive_but_extractable_key_exports_wrapped,
tests/unit/console/test_export_kek.py::test_plain_refusal_hint_points_at_kek,1,R15,ported,r2-console tests::export_kek::test_plain_refusal_hint_points_at_kek,
tests/unit/console/test_export_kek.py::test_non_extractable_key_is_refused_in_both_forms,1,R15,ported,r2-console tests::export_kek::test_non_extractable_key_is_refused_in_both_forms,
tests/unit/console/test_export_kek.py::test_omitted_mech_opens_the_select_menu,1,R15,ported,r2-console tests::export_kek::test_omitted_mech_opens_the_select_menu,
tests/unit/console/test_export_kek.py::test_omitted_param_is_prompted,1,R15,ported,r2-console tests::export_kek::test_omitted_param_is_prompted,
tests/unit/console/test_export_kek.py::test_bare_rsa_keypair_label_is_refused_with_a_pub_hint,1,R15,ported,r2-console tests::export_kek::test_bare_rsa_keypair_label_is_refused_with_a_pub_hint,
tests/unit/console/test_export_kek.py::test_public_and_certificate_targets_are_refused,1,R15,ported,r2-console tests::export_kek::test_public_and_certificate_targets_are_refused,
tests/unit/console/test_export_kek.py::test_conflicting_options,4,R15,ported,r2-console tests::export_kek::test_conflicting_options,
tests/unit/console/test_export_kek.py::test_outformat_without_kek_is_refused,1,R15,ported,r2-console tests::export_kek::test_outformat_without_kek_is_refused,
tests/unit/console/test_export_kek.py::test_invalid_outformat,1,R15,ported,r2-console tests::export_kek::test_invalid_outformat,
tests/unit/console/test_export_kek.py::test_unknown_kek,1,R15,ported,r2-console tests::export_kek::test_unknown_kek,
tests/unit/console/test_export_kek.py::test_cross_provider_kek_is_refused,1,R15,ported,r2-console tests::export_kek::test_cross_provider_kek_is_refused,
tests/unit/console/test_export_kek.py::test_logged_out_provider_fails_before_anything_else,1,R15,ported,r2-console tests::export_kek::test_logged_out_provider_fails_before_anything_else,
tests/unit/console/test_export_kek.py::test_classic_export_still_rejects_name_value_tokens,1,R15,ported,r2-console tests::export_kek::test_classic_export_still_rejects_name_value_tokens,
tests/unit/console/test_export_kek.py::test_completion_offers_the_wrapped_options,1,R15,ported,r2-console tests::export_kek::test_completion_offers_the_wrapped_options,
tests/unit/console/test_export_kek.py::test_completion_of_mech_and_outformat,1,R15,ported,r2-console tests::export_kek::test_completion_of_mech_and_outformat,
tests/unit/console/test_export_kek.py::test_completion_of_kek_labels_uses_the_refs_provider,1,R15,ported,r2-console tests::export_kek::test_completion_of_kek_labels_uses_the_refs_provider,
tests/unit/console/test_export_kek.py::test_refusal_fires_before_the_mech_menu_and_prompts,1,R15,ported,r2-console tests::export_kek::test_refusal_fires_before_the_mech_menu_and_prompts,
tests/unit/console/test_export_kek.py::test_public_target_refused_before_the_mech_menu,1,R15,ported,r2-console tests::export_kek::test_public_target_refused_before_the_mech_menu,
tests/unit/console/test_export_kek.py::test_cross_provider_message_is_worded_for_export,1,R15,ported,r2-console tests::export_kek::test_cross_provider_message_is_worded_for_export,
tests/unit/console/test_export_kek.py::test_success_line_reports_the_blob_length_not_the_file_size,1,R15,ported,r2-console tests::export_kek::test_success_line_reports_the_blob_length_not_the_file_size,
tests/unit/console/test_io.py::test_prompt_returns_typed_line,1,R7,ported,r2-console tests::io::test_prompt_returns_typed_line,PromptToolkitIO over pipe input: port against the piped PlainIo where the behavior is reader-level; reedline-only behavior goes to the R13 manual terminal checklist
tests/unit/console/test_io.py::test_prompt_ctrl_c_raises_user_abort,1,R7,ported,r2-console tests::io::test_prompt_ctrl_c_raises_user_abort,PromptToolkitIO over pipe input: port against the piped PlainIo where the behavior is reader-level; reedline-only behavior goes to the R13 manual terminal checklist
tests/unit/console/test_io.py::test_prompt_eof_raises_user_abort,1,R7,ported,r2-console tests::io::test_prompt_eof_raises_user_abort,PromptToolkitIO over pipe input: port against the piped PlainIo where the behavior is reader-level; reedline-only behavior goes to the R13 manual terminal checklist
tests/unit/console/test_io.py::test_prompt_secret_returns_text,1,R7,ported,r2-console tests::io::test_prompt_secret_returns_text,PromptToolkitIO over pipe input: port against the piped PlainIo where the behavior is reader-level; reedline-only behavior goes to the R13 manual terminal checklist
tests/unit/console/test_io.py::test_prompt_secret_does_not_mask_later_prompts,1,R7,ported,r2-console tests::io::test_prompt_secret_does_not_mask_later_prompts,per-read reader calls: the secret read leaves no state behind; the next prompt is an ordinary param read
tests/unit/console/test_io.py::test_param_completer_does_not_leak_to_later_prompts,1,R7,ported,r2-console tests::io::test_param_completer_does_not_leak_to_later_prompts ; r2-console tests::io::test_completer_for_bool_and_plain_kinds,choices are passed per read: the confirm after an ENUM prompt carries none
tests/unit/console/test_io.py::test_prompt_multiline_until_empty_line,1,R7,ported,r2-console tests::io::test_prompt_multiline_until_empty_line,PromptToolkitIO over pipe input: port against the piped PlainIo where the behavior is reader-level; reedline-only behavior goes to the R13 manual terminal checklist
tests/unit/console/test_io.py::test_prompt_multiline_eof_ends_paste,1,R7,ported,r2-console tests::io::test_prompt_multiline_eof_ends_paste,PromptToolkitIO over pipe input: port against the piped PlainIo where the behavior is reader-level; reedline-only behavior goes to the R13 manual terminal checklist
tests/unit/console/test_io.py::test_select_by_number_is_one_based,1,R7,ported,r2-console tests::io::test_select_by_number_is_one_based,PromptToolkitIO over pipe input: port against the piped PlainIo where the behavior is reader-level; reedline-only behavior goes to the R13 manual terminal checklist
tests/unit/console/test_io.py::test_select_by_option_text,1,R7,ported,r2-console tests::io::test_select_by_option_text,PromptToolkitIO over pipe input: port against the piped PlainIo where the behavior is reader-level; reedline-only behavior goes to the R13 manual terminal checklist
tests/unit/console/test_io.py::test_select_reprompts_on_invalid,1,R7,ported,r2-console tests::io::test_select_reprompts_on_invalid ; r2-console tests::io::select_answer_rules_follow_c2,PromptToolkitIO over pipe input: port against the piped PlainIo where the behavior is reader-level; reedline-only behavior goes to the R13 manual terminal checklist
tests/unit/console/test_io.py::test_select_empty_options_raises,1,R7,ported,r2-console tests::io::test_select_empty_options_raises,PromptToolkitIO over pipe input: port against the piped PlainIo where the behavior is reader-level; reedline-only behavior goes to the R13 manual terminal checklist
tests/unit/console/test_io.py::test_confirm_empty_answer_picks_default,1,R7,ported,r2-console tests::io::test_confirm_empty_answer_picks_default,PromptToolkitIO over pipe input: port against the piped PlainIo where the behavior is reader-level; reedline-only behavior goes to the R13 manual terminal checklist
tests/unit/console/test_io.py::test_confirm_yes_no_and_reprompt,1,R7,ported,r2-console tests::io::test_confirm_yes_no_and_reprompt,PromptToolkitIO over pipe input: port against the piped PlainIo where the behavior is reader-level; reedline-only behavior goes to the R13 manual terminal checklist
tests/unit/console/test_io.py::test_confirm_ctrl_c_raises_user_abort,1,R7,ported,r2-console tests::io::test_confirm_ctrl_c_raises_user_abort,PromptToolkitIO over pipe input: port against the piped PlainIo where the behavior is reader-level; reedline-only behavior goes to the R13 manual terminal checklist
tests/unit/console/test_io.py::test_print_error_renders_red_panel_text,1,R7,ported,r2-console tests::io::test_print_error_renders_red_panel_text ; r2-console tests::io::sink_styles_choose_the_rendering,PromptToolkitIO over pipe input: port against the piped PlainIo where the behavior is reader-level; reedline-only behavior goes to the R13 manual terminal checklist
tests/unit/console/test_io.py::test_read_command_reads_a_raw_line,1,R7,ported,r2-console tests::io::test_read_command_reads_a_raw_line,PromptToolkitIO over pipe input: port against the piped PlainIo where the behavior is reader-level; reedline-only behavior goes to the R13 manual terminal checklist
tests/unit/console/test_io.py::test_read_command_propagates_eof,1,R7,ported,r2-console tests::io::test_read_command_propagates_eof ; r2-console tests::io::reader_errors_become_console_errors ; r2-console tests::repl::reader_errors_are_rendered_and_end_the_repl,PromptToolkitIO over pipe input: port against the piped PlainIo where the behavior is reader-level; reedline-only behavior goes to the R13 manual terminal checklist
tests/unit/console/test_io.py::test_completer_for_enum_offers_choices,1,R7,ported,r2-console tests::io::test_completer_for_enum_offers_choices,PromptToolkitIO over pipe input: port against the piped PlainIo where the behavior is reader-level; reedline-only behavior goes to the R13 manual terminal checklist; WordCompleter is prompt_toolkit: port as the per-ParamSpec completion word list
tests/unit/console/test_io.py::test_completer_for_bool_and_plain_kinds,1,R7,ported,r2-console tests::io::test_completer_for_bool_and_plain_kinds,PromptToolkitIO over pipe input: port against the piped PlainIo where the behavior is reader-level; reedline-only behavior goes to the R13 manual terminal checklist; WordCompleter is prompt_toolkit: port as the per-ParamSpec completion word list
tests/unit/console/test_io.py::test_history_filters_pin_and_password_lines,1,R7,ported,r2-console tests::io::test_history_filters_pin_and_password_lines ; r2-console tests::io::history_save_answers_ok_and_update_never_smuggles_a_secret ; r2-cli::e2e_repl history_file_drops_secret_lines,PromptToolkitIO over pipe input: port against the piped PlainIo where the behavior is reader-level; reedline-only behavior goes to the R13 manual terminal checklist; reedline History wrapper dropping --pin/--password lines (PLAN §6)
tests/unit/console/test_io.py::test_bad_history_path_falls_back_to_memory,1,R7,ported,r2-console tests::io::test_bad_history_path_falls_back_to_memory,PromptToolkitIO over pipe input: port against the piped PlainIo where the behavior is reader-level; reedline-only behavior goes to the R13 manual terminal checklist
tests/unit/console/test_keys_cmd.py::test_keys_lists_all_browsable_providers,1,R8,ported,r2-console tests::keys_cmd::test_keys_lists_all_browsable_providers,
tests/unit/console/test_keys_cmd.py::test_keys_skips_logged_out_provider_with_note,1,R8,ported,r2-console tests::keys_cmd::test_keys_skips_logged_out_provider_with_note,
tests/unit/console/test_keys_cmd.py::test_keys_single_provider,1,R8,ported,r2-console tests::keys_cmd::test_keys_single_provider,
tests/unit/console/test_keys_cmd.py::test_keys_explicit_provider_logged_out_raises,1,R8,ported,r2-console tests::keys_cmd::test_keys_explicit_provider_logged_out_raises,
tests/unit/console/test_keys_cmd.py::test_keys_empty,1,R8,ported,r2-console tests::keys_cmd::test_keys_empty,
tests/unit/console/test_keys_cmd.py::test_keys_provider_and_filter,1,R8,ported,r2-console tests::keys_cmd::test_keys_provider_and_filter,
tests/unit/console/test_keys_cmd.py::test_keys_lone_filter_searches_all_browsable_providers,1,R8,ported,r2-console tests::keys_cmd::test_keys_lone_filter_searches_all_browsable_providers,
tests/unit/console/test_keys_cmd.py::test_keys_lone_filter_keeps_logged_out_note,1,R8,ported,r2-console tests::keys_cmd::test_keys_lone_filter_keeps_logged_out_note,
tests/unit/console/test_keys_cmd.py::test_keys_filter_is_case_insensitive,1,R8,ported,r2-console tests::keys_cmd::test_keys_filter_is_case_insensitive,
tests/unit/console/test_keys_cmd.py::test_keys_filter_no_match,1,R8,ported,r2-console tests::keys_cmd::test_keys_filter_no_match,
tests/unit/console/test_keys_cmd.py::test_keys_rejects_extra_arguments,1,R8,ported,r2-console tests::keys_cmd::test_keys_rejects_extra_arguments,
tests/unit/console/test_keys_cmd.py::test_keys_suffixes_keypair_family_refs,1,R8,ported,r2-console tests::keys_cmd::test_keys_suffixes_keypair_family_refs,
tests/unit/console/test_keys_cmd.py::test_keys_filter_matches_class_suffix,1,R8,ported,r2-console tests::keys_cmd::test_keys_filter_matches_class_suffix,
tests/unit/console/test_keys_cmd.py::test_key_info_shows_fields_and_attributes,1,R8,ported,r2-console tests::keys_cmd::test_key_info_shows_fields_and_attributes,
tests/unit/console/test_keys_cmd.py::test_key_info_certificate_shows_subject_issuer_serial_validity,1,R8,ported,r2-console tests::keys_cmd::test_key_info_certificate_shows_subject_issuer_serial_validity,
tests/unit/console/test_keys_cmd.py::test_key_info_unknown_subcommand,1,R8,ported,r2-console tests::keys_cmd::test_key_info_unknown_subcommand,
tests/unit/console/test_keys_cmd.py::test_key_info_ambiguous_ref,1,R8,ported,r2-console tests::keys_cmd::test_key_info_ambiguous_ref,
tests/unit/console/test_keys_cmd.py::test_generate_aes_defaults_prompt_only_label,1,R8,ported,r2-console tests::keys_cmd::test_generate_aes_defaults_prompt_only_label,
tests/unit/console/test_keys_cmd.py::test_generate_aes_inline_size_and_label,1,R8,ported,r2-console tests::keys_cmd::test_generate_aes_inline_size_and_label,
tests/unit/console/test_keys_cmd.py::test_generate_rejects_invalid_size,1,R8,ported,r2-console tests::keys_cmd::test_generate_rejects_invalid_size,
tests/unit/console/test_keys_cmd.py::test_generate_rejects_unknown_param,1,R8,ported,r2-console tests::keys_cmd::test_generate_rejects_unknown_param,
tests/unit/console/test_keys_cmd.py::test_generate_unknown_type,1,R8,ported,r2-console tests::keys_cmd::test_generate_unknown_type,
tests/unit/console/test_keys_cmd.py::test_generate_curve_implies_algorithm,3,R8,ported,r2-console tests::keys_cmd::test_generate_curve_implies_algorithm,
tests/unit/console/test_keys_cmd.py::test_generate_id_option,1,R8,ported,r2-console tests::keys_cmd::test_generate_id_option,
tests/unit/console/test_keys_cmd.py::test_generate_bad_id_hex,1,R8,ported,r2-console tests::keys_cmd::test_generate_bad_id_hex,
tests/unit/console/test_keys_cmd.py::test_generate_aes_on_pkcs11_opens_one_editor,1,R8,ported,r2-console tests::keys_cmd::test_generate_aes_on_pkcs11_opens_one_editor,
tests/unit/console/test_keys_cmd.py::test_generate_keypair_on_pkcs11_opens_private_then_public_editor,1,R8,ported,r2-console tests::keys_cmd::test_generate_keypair_on_pkcs11_opens_private_then_public_editor,
tests/unit/console/test_keys_cmd.py::test_generate_not_logged_in_fails_before_prompts,1,R8,ported,r2-console tests::keys_cmd::test_generate_not_logged_in_fails_before_prompts,
tests/unit/console/test_keys_cmd.py::test_load_inline_hex_aes,1,R8,ported,r2-console tests::keys_cmd::test_load_inline_hex_aes,
tests/unit/console/test_keys_cmd.py::test_load_prompts_multiline_when_data_omitted,1,R8,ported,r2-console tests::keys_cmd::test_load_prompts_multiline_when_data_omitted,
tests/unit/console/test_keys_cmd.py::test_load_pem_via_multiline_paste_uses_label_prompt,1,R8,ported,r2-console tests::keys_cmd::test_load_pem_via_multiline_paste_uses_label_prompt,
tests/unit/console/test_keys_cmd.py::test_load_bad_data_is_codec_error,1,R8,ported,r2-console tests::keys_cmd::test_load_bad_data_is_codec_error,
tests/unit/console/test_keys_cmd.py::test_load_hint_excludes_raw_aes,1,R8,ported,r2-console tests::keys_cmd::test_load_hint_excludes_raw_aes,
tests/unit/console/test_keys_cmd.py::test_load_unknown_hint,1,R8,ported,r2-console tests::keys_cmd::test_load_unknown_hint,
tests/unit/console/test_keys_cmd.py::test_load_file_form_with_format_hint,1,R8,ported,r2-console tests::keys_cmd::test_load_file_form_with_format_hint,
tests/unit/console/test_keys_cmd.py::test_load_file_missing_raises_dataioerror,1,R8,ported,r2-console tests::keys_cmd::test_load_file_missing_raises_dataioerror,
tests/unit/console/test_keys_cmd.py::test_load_file_form_rejects_inline_data,1,R8,ported,r2-console tests::keys_cmd::test_load_file_form_rejects_inline_data,
tests/unit/console/test_keys_cmd.py::test_load_encrypted_file_with_password_option,1,R8,ported,r2-console tests::keys_cmd::test_load_encrypted_file_with_password_option,
tests/unit/console/test_keys_cmd.py::test_load_into_pkcs11_applies_edited_template,1,R8,ported,r2-console tests::keys_cmd::test_load_into_pkcs11_applies_edited_template,
tests/unit/console/test_keys_cmd.py::test_load_p12_creates_shared_label_and_id,1,R8,ported,r2-console tests::keys_cmd::test_load_p12_creates_shared_label_and_id,
tests/unit/console/test_keys_cmd.py::test_load_not_logged_in,1,R8,ported,r2-console tests::keys_cmd::test_load_not_logged_in,
tests/unit/console/test_keys_cmd.py::test_export_secret_raw_round_trip,1,R8,ported,r2-console tests::keys_cmd::test_export_secret_raw_round_trip,
tests/unit/console/test_keys_cmd.py::test_export_private_pem_and_encrypted,1,R8,ported,r2-console tests::keys_cmd::test_export_private_pem_and_encrypted,
tests/unit/console/test_keys_cmd.py::test_export_public_flag_writes_spki,1,R8,ported,r2-console tests::keys_cmd::test_export_public_flag_writes_spki,
tests/unit/console/test_keys_cmd.py::test_export_non_exportable_refused,1,R8,ported,r2-console tests::keys_cmd::test_export_non_exportable_refused,
tests/unit/console/test_keys_cmd.py::test_export_p12_with_prompted_password,1,R8,ported,r2-console tests::keys_cmd::test_export_p12_with_prompted_password,
tests/unit/console/test_keys_cmd.py::test_export_p12_password_mismatch,1,R8,ported,r2-console tests::keys_cmd::test_export_p12_password_mismatch,
tests/unit/console/test_keys_cmd.py::test_export_p12_refusal_fires_before_password_prompt,1,R8,ported,r2-console tests::keys_cmd::test_export_p12_refusal_fires_before_password_prompt,
tests/unit/console/test_keys_cmd.py::test_export_public_with_password_rejected,1,R8,ported,r2-console tests::keys_cmd::test_export_public_with_password_rejected,
tests/unit/console/test_keys_cmd.py::test_export_secret_with_password_rejected,1,R8,ported,r2-console tests::keys_cmd::test_export_secret_with_password_rejected,
tests/unit/console/test_keys_cmd.py::test_export_p12_with_cert_ref_from_other_provider,1,R8,ported,r2-console tests::keys_cmd::test_export_p12_with_cert_ref_from_other_provider,
tests/unit/console/test_keys_cmd.py::test_export_p12_cert_ref_must_be_certificate,1,R8,ported,r2-console tests::keys_cmd::test_export_p12_cert_ref_must_be_certificate,
tests/unit/console/test_keys_cmd.py::test_export_cert_option_without_p12,1,R8,ported,r2-console tests::keys_cmd::test_export_cert_option_without_p12,
tests/unit/console/test_keys_cmd.py::test_export_public_with_p12_conflict,1,R8,ported,r2-console tests::keys_cmd::test_export_public_with_p12_conflict,
tests/unit/console/test_keys_cmd.py::test_export_missing_path_argument,1,R8,ported,r2-console tests::keys_cmd::test_export_missing_path_argument,
tests/unit/console/test_keys_cmd.py::test_csr_writes_pem_with_default_subject,1,R8,ported,r2-console tests::keys_cmd::test_csr_writes_pem_with_default_subject,
tests/unit/console/test_keys_cmd.py::test_csr_subject_and_hash_options,1,R8,ported,r2-console tests::keys_cmd::test_csr_subject_and_hash_options,
tests/unit/console/test_keys_cmd.py::test_csr_bad_hash,1,R8,ported,r2-console tests::keys_cmd::test_csr_bad_hash,
tests/unit/console/test_keys_cmd.py::test_delete_confirms_then_deletes,1,R8,ported,r2-console tests::keys_cmd::test_delete_confirms_then_deletes,
tests/unit/console/test_keys_cmd.py::test_delete_declined_keeps_key,1,R8,ported,r2-console tests::keys_cmd::test_delete_declined_keeps_key,
tests/unit/console/test_keys_cmd.py::test_delete_without_confirmation_when_disabled,1,R8,ported,r2-console tests::keys_cmd::test_delete_without_confirmation_when_disabled,
tests/unit/console/test_keys_cmd.py::test_delete_class_qualified_removes_only_that_half,1,R8,ported,r2-console tests::keys_cmd::test_delete_class_qualified_removes_only_that_half,
tests/unit/console/test_keys_cmd.py::test_delete_unqualified_keypair_still_takes_private_half,1,R8,ported,r2-console tests::keys_cmd::test_delete_unqualified_keypair_still_takes_private_half,
tests/unit/console/test_keys_cmd.py::test_key_info_class_qualified_targets_half,1,R8,ported,r2-console tests::keys_cmd::test_key_info_class_qualified_targets_half,
tests/unit/console/test_keys_cmd.py::test_key_info_unqualified_prefers_private_and_lists_related,1,R8,ported,r2-console tests::keys_cmd::test_key_info_unqualified_prefers_private_and_lists_related,
tests/unit/console/test_keys_cmd.py::test_export_and_csr_complete_selector_stages,1,R8,ported,r2-console tests::keys_cmd::test_export_and_csr_complete_selector_stages,
tests/unit/console/test_keys_cmd.py::test_key_edit_flags_rename_on_memory,1,R8,ported,r2-console tests::keys_cmd::test_key_edit_flags_rename_on_memory,
tests/unit/console/test_keys_cmd.py::test_key_edit_flags_same_value_is_no_change,1,R8,ported,r2-console tests::keys_cmd::test_key_edit_flags_same_value_is_no_change,
tests/unit/console/test_keys_cmd.py::test_key_edit_editor_flow_passes_diff_only,1,R8,ported,r2-console tests::keys_cmd::test_key_edit_editor_flow_passes_diff_only,
tests/unit/console/test_keys_cmd.py::test_key_edit_identity_editor_is_no_change,1,R8,ported,r2-console tests::keys_cmd::test_key_edit_identity_editor_is_no_change,
tests/unit/console/test_keys_cmd.py::test_key_edit_editor_disabled_row_means_keep,1,R8,ported,r2-console tests::keys_cmd::test_key_edit_editor_disabled_row_means_keep,
tests/unit/console/test_keys_cmd.py::test_key_edit_editor_added_row_travels_and_failure_renders,1,R8,ported,r2-console tests::keys_cmd::test_key_edit_editor_added_row_travels_and_failure_renders,
tests/unit/console/test_keys_cmd.py::test_key_edit_memory_prompt_flow,1,R8,ported,r2-console tests::keys_cmd::test_key_edit_memory_prompt_flow,
tests/unit/console/test_keys_cmd.py::test_key_edit_memory_prompts_all_empty_is_no_change,1,R8,ported,r2-console tests::keys_cmd::test_key_edit_memory_prompts_all_empty_is_no_change,
tests/unit/console/test_keys_cmd.py::test_key_edit_family_rename_confirmed_renames_siblings,1,R8,ported,r2-console tests::keys_cmd::test_key_edit_family_rename_confirmed_renames_siblings,
tests/unit/console/test_keys_cmd.py::test_key_edit_family_rename_declined_touches_target_only,1,R8,ported,r2-console tests::keys_cmd::test_key_edit_family_rename_declined_touches_target_only,
tests/unit/console/test_keys_cmd.py::test_key_edit_sibling_duplicate_becomes_failed_row,1,R8,ported,r2-console tests::keys_cmd::test_key_edit_sibling_duplicate_becomes_failed_row,
tests/unit/console/test_keys_cmd.py::test_key_edit_logged_out_hsm_raises,1,R8,ported,r2-console tests::keys_cmd::test_key_edit_logged_out_hsm_raises,
tests/unit/console/test_keys_cmd.py::test_key_edit_duplicate_target_propagates,1,R8,ported,r2-console tests::keys_cmd::test_key_edit_duplicate_target_propagates,
tests/unit/console/test_keys_cmd.py::test_key_edit_completion,1,R8,ported,r2-console tests::keys_cmd::test_key_edit_completion,"asserts `key` subcommands {info, edit, template}: `template` is R14's subcommand"
tests/unit/console/test_keys_cmd.py::test_key_template_rejects_memory_provider,1,R14,ported,r2-console tests::key_template::test_key_template_rejects_memory_provider,--template / key template / templatefile -> R14
tests/unit/console/test_keys_cmd.py::test_key_template_dumps_class_keyed_file,1,R14,ported,r2-console tests::key_template::test_key_template_dumps_class_keyed_file,--template / key template / templatefile -> R14
tests/unit/console/test_keys_cmd.py::test_key_template_warns_when_material_dumped,1,R14,ported,r2-console tests::key_template::test_key_template_warns_when_material_dumped,--template / key template / templatefile -> R14
tests/unit/console/test_keys_cmd.py::test_generate_template_seeds_editor_from_file,1,R14,ported,r2-console tests::key_template::test_generate_template_seeds_editor_from_file,--template / key template / templatefile -> R14
tests/unit/console/test_keys_cmd.py::test_generate_keypair_template_section_per_editor,1,R14,ported,r2-console tests::key_template::test_generate_keypair_template_section_per_editor,--template / key template / templatefile -> R14
tests/unit/console/test_keys_cmd.py::test_generate_template_on_memory_target_raises,1,R14,ported,r2-console tests::key_template::test_generate_template_on_memory_target_raises,--template / key template / templatefile -> R14
tests/unit/console/test_keys_cmd.py::test_load_template_seeds_editor_from_file,1,R14,ported,r2-console tests::key_template::test_load_template_seeds_editor_from_file,--template / key template / templatefile -> R14
tests/unit/console/test_keys_cmd_objects.py::test_keys_lists_every_object_kind,1,R8,ported,r2-console tests::keys_cmd_objects::test_keys_lists_every_object_kind,
tests/unit/console/test_keys_cmd_objects.py::test_key_info_data_object,1,R8,ported,r2-console tests::keys_cmd_objects::test_key_info_data_object,
tests/unit/console/test_keys_cmd_objects.py::test_generate_generic_inline_and_default_size,1,R8,ported,r2-console tests::keys_cmd_objects::test_generate_generic_inline_and_default_size,
tests/unit/console/test_keys_cmd_objects.py::test_generate_generic_on_pkcs11_opens_one_secret_editor,1,R8,ported,r2-console tests::keys_cmd_objects::test_generate_generic_on_pkcs11_opens_one_secret_editor,
tests/unit/console/test_keys_cmd_objects.py::test_generate_completion_offers_generic,1,R8,ported,r2-console tests::keys_cmd_objects::test_generate_completion_offers_generic,
tests/unit/console/test_keys_cmd_objects.py::test_load_generic_and_data_inline,1,R8,ported,r2-console tests::keys_cmd_objects::test_load_generic_and_data_inline,
tests/unit/console/test_keys_cmd_objects.py::test_load_data_from_file_is_verbatim,1,R8,ported,r2-console tests::keys_cmd_objects::test_load_data_from_file_is_verbatim,
tests/unit/console/test_keys_cmd_objects.py::test_load_data_into_pkcs11_opens_data_editor,1,R8,ported,r2-console tests::keys_cmd_objects::test_load_data_into_pkcs11_opens_data_editor,
tests/unit/console/test_keys_cmd_objects.py::test_load_completion_offers_new_hints,1,R8,ported,r2-console tests::keys_cmd_objects::test_load_completion_offers_new_hints,
tests/unit/console/test_keys_cmd_objects.py::test_key_edit_data_prompts_label_only,1,R8,ported,r2-console tests::keys_cmd_objects::test_key_edit_data_prompts_label_only,
tests/unit/console/test_keys_cmd_objects.py::test_export_data_raw_and_format_refusal,1,R8,ported,r2-console tests::keys_cmd_objects::test_export_data_raw_and_format_refusal,
tests/unit/console/test_keys_cmd_objects.py::test_copy_output_uses_table_vocabulary,1,R10,ported,r2-console tests::copy_cmd::test_copy_output_uses_table_vocabulary,copy command output (commands/copy.rs is R10's)
tests/unit/console/test_keys_cmd_objects.py::test_delete_data_object,1,R8,ported,r2-console tests::keys_cmd_objects::test_delete_data_object,
tests/unit/console/test_keys_cmd_objects.py::test_ops_lists_hmac_rows,1,R9,ported,r2-console tests::crypto_cmd::test_ops_lists_hmac_rows,`ops` command (commands/crypto.rs is R9's)
tests/unit/console/test_keys_cmd_objects.py::test_sign_verify_hmac_round_trip,1,R9,ported,r2-console tests::crypto_cmd::test_sign_verify_hmac_round_trip,`verify ... hmac` command (commands/crypto.rs is R9's)
tests/unit/console/test_load_kek.py::test_inline_blob_with_explicit_mech,1,R15,ported,r2-console tests::load_kek::test_inline_blob_with_explicit_mech,
tests/unit/console/test_load_kek.py::test_canonical_mech_name_also_accepted,1,R15,ported,r2-console tests::load_kek::test_canonical_mech_name_also_accepted,
tests/unit/console/test_load_kek.py::test_mech_params_travel_as_name_value_tokens,1,R15,ported,r2-console tests::load_kek::test_mech_params_travel_as_name_value_tokens,
tests/unit/console/test_load_kek.py::test_file_form,1,R15,ported,r2-console tests::load_kek::test_file_form,
tests/unit/console/test_load_kek.py::test_hex_and_b64_blob_files_are_auto_detected,1,R15,ported,r2-console tests::load_kek::test_hex_and_b64_blob_files_are_auto_detected,
tests/unit/console/test_load_kek.py::test_rsa_kek_resolves_to_the_private_half,1,R15,ported,r2-console tests::load_kek::test_rsa_kek_resolves_to_the_private_half,
tests/unit/console/test_load_kek.py::test_id_flag_reaches_the_new_object,1,R15,ported,r2-console tests::load_kek::test_id_flag_reaches_the_new_object,
tests/unit/console/test_load_kek.py::test_pkcs11_target_opens_the_editor_seeded_from_the_result,1,R15,ported,r2-console tests::load_kek::test_pkcs11_target_opens_the_editor_seeded_from_the_result,
tests/unit/console/test_load_kek.py::test_omitted_mech_opens_the_select_menu,1,R15,ported,r2-console tests::load_kek::test_omitted_mech_opens_the_select_menu,
tests/unit/console/test_load_kek.py::test_omitted_param_is_prompted,1,R15,ported,r2-console tests::load_kek::test_omitted_param_is_prompted,
tests/unit/console/test_load_kek.py::test_omitted_blob_is_pasted,1,R15,ported,r2-console tests::load_kek::test_omitted_blob_is_pasted,
tests/unit/console/test_load_kek.py::test_omitted_label_is_prompted,1,R15,ported,r2-console tests::load_kek::test_omitted_label_is_prompted,
tests/unit/console/test_load_kek.py::test_opaque_hints_are_refused,1,R15,ported,r2-console tests::load_kek::test_opaque_hints_are_refused,
tests/unit/console/test_load_kek.py::test_format_and_password_conflict_with_kek,1,R15,ported,r2-console tests::load_kek::test_format_and_password_conflict_with_kek,
tests/unit/console/test_load_kek.py::test_unknown_kek_raises_key_not_found,1,R15,ported,r2-console tests::load_kek::test_unknown_kek_raises_key_not_found,
tests/unit/console/test_load_kek.py::test_cross_provider_kek_is_refused,1,R15,ported,r2-console tests::load_kek::test_cross_provider_kek_is_refused,
tests/unit/console/test_load_kek.py::test_unknown_mech_suggests,1,R15,ported,r2-console tests::load_kek::test_unknown_mech_suggests,
tests/unit/console/test_load_kek.py::test_mech_kek_mismatch_is_reported,1,R15,ported,r2-console tests::load_kek::test_mech_kek_mismatch_is_reported,
tests/unit/console/test_load_kek.py::test_mech_not_advertised,1,R15,ported,r2-console tests::load_kek::test_mech_not_advertised,
tests/unit/console/test_load_kek.py::test_unquoted_base64_blob_gets_the_quoting_hint,1,R15,ported,r2-console tests::load_kek::test_unquoted_base64_blob_gets_the_quoting_hint,
tests/unit/console/test_load_kek.py::test_unknown_param_for_a_mech_with_params,1,R15,ported,r2-console tests::load_kek::test_unknown_param_for_a_mech_with_params,
tests/unit/console/test_load_kek.py::test_undecodable_blob,1,R15,ported,r2-console tests::load_kek::test_undecodable_blob,
tests/unit/console/test_load_kek.py::test_missing_file,1,R15,ported,r2-console tests::load_kek::test_missing_file,
tests/unit/console/test_load_kek.py::test_file_form_rejects_inline_data,1,R15,ported,r2-console tests::load_kek::test_file_form_rejects_inline_data,
tests/unit/console/test_load_kek.py::test_logged_out_provider_fails_before_anything_else,1,R15,ported,r2-console tests::load_kek::test_logged_out_provider_fails_before_anything_else,
tests/unit/console/test_load_kek.py::test_classic_form_still_rejects_name_value_tokens,1,R15,ported,r2-console tests::load_kek::test_classic_form_still_rejects_name_value_tokens,
tests/unit/console/test_load_kek.py::test_completion_offers_kek_and_mech,1,R15,ported,r2-console tests::load_kek::test_completion_offers_kek_and_mech,
tests/unit/console/test_load_kek.py::test_completion_of_mech_names_and_params,1,R15,ported,r2-console tests::load_kek::test_completion_of_mech_names_and_params,
tests/unit/console/test_load_kek.py::test_completion_of_kek_labels_is_provider_local,1,R15,ported,r2-console tests::load_kek::test_completion_of_kek_labels_is_provider_local,
tests/unit/console/test_load_kek.py::test_kek_completion_never_browses_a_logged_out_provider,1,R15,ported,r2-console tests::load_kek::test_kek_completion_never_browses_a_logged_out_provider,
tests/unit/console/test_load_kek.py::test_outformat_is_rejected_on_load,1,R15,ported,r2-console tests::load_kek::test_outformat_is_rejected_on_load,
tests/unit/console/test_load_kek.py::test_cross_provider_message_is_worded_for_load,1,R15,ported,r2-console tests::load_kek::test_cross_provider_message_is_worded_for_load,
tests/unit/console/test_logging_setup.py::test_log_lines_reach_the_rotating_file,1,R7,ported,r2-cli::bin/r2 logging::tests::test_log_lines_reach_the_rotating_file,
tests/unit/console/test_logging_setup.py::test_pin_and_password_values_are_redacted,1,R7,ported,r2-cli::bin/r2 logging::tests::test_pin_and_password_values_are_redacted,
tests/unit/console/test_logging_setup.py::test_redaction_applies_to_percent_formatted_args,1,R7,ported,r2-cli::bin/r2 logging::tests::test_redaction_applies_to_percent_formatted_args,
tests/unit/console/test_logging_setup.py::test_level_comes_from_config,1,R7,ported,r2-cli::bin/r2 logging::tests::test_level_comes_from_config,
tests/unit/console/test_logging_setup.py::test_debug_forces_debug_and_adds_stderr_mirror,1,R7,ported,r2-cli::bin/r2 logging::tests::test_debug_forces_debug_and_adds_stderr_mirror ; r2-cli::e2e_repl debug_flag_logs_debug_records,
tests/unit/console/test_logging_setup.py::test_rotation_parameters_applied,1,R7,ported,r2-cli::bin/r2 logging::tests::test_rotation_parameters_applied ; r2-cli::bin/r2 logging::tests::zero_max_bytes_or_backups_never_rotate ; r2-cli::e2e_repl log_files_follow_the_python_rules,
tests/unit/console/test_logging_setup.py::test_setup_is_idempotent,1,R7,ported,r2-cli::bin/r2 logging::tests::test_setup_is_idempotent,
tests/unit/console/test_logging_setup.py::test_unwritable_log_path_raises_config_error,1,R7,ported,r2-cli::bin/r2 logging::tests::test_unwritable_log_path_raises_config_error ; r2-cli::bin/r2 logging::tests::missing_parent_directories_are_created ; r2-cli::e2e_repl log_files_follow_the_python_rules,
tests/unit/console/test_logging_setup.py::test_redacting_filter_leaves_clean_messages_untouched,1,R7,ported,r2-cli::bin/r2 logging::tests::test_redacting_filter_leaves_clean_messages_untouched,
tests/unit/console/test_parser.py::test_tokenize_table,17,R7,ported,r2-console tests::parser::test_tokenize_table ; r2-console tests::parser::tokenize_closing_quote_rules_and_token_ends ; r2-console tests::parser::tokenize_positions_are_byte_offsets,
tests/unit/console/test_parser.py::test_tokenize_unterminated_quote_caret_at_opening_quote,1,R7,ported,r2-console tests::parser::test_tokenize_unterminated_quote_caret_at_opening_quote,
tests/unit/console/test_parser.py::test_line_is_complete,7,R7,ported,r2-console tests::parser::test_line_is_complete,
tests/unit/console/test_parser.py::test_bind_positionals_in_order_with_quoted_flags,1,R7,ported,r2-console tests::parser::test_bind_positionals_in_order_with_quoted_flags,
tests/unit/console/test_parser.py::test_bind_named_split_at_first_equals,1,R7,ported,r2-console tests::parser::test_bind_named_split_at_first_equals,
tests/unit/console/test_parser.py::test_bind_flag_option_consumes_no_value,1,R7,ported,r2-console tests::parser::test_bind_flag_option_consumes_no_value,
tests/unit/console/test_parser.py::test_bind_value_option_consumes_next_token,1,R7,ported,r2-console tests::parser::test_bind_value_option_consumes_next_token,
tests/unit/console/test_parser.py::test_bind_option_value_may_be_quoted,1,R7,ported,r2-console tests::parser::test_bind_option_value_may_be_quoted,
tests/unit/console/test_parser.py::test_bind_option_value_may_be_option_shaped,1,R7,ported,r2-console tests::parser::test_bind_option_value_may_be_option_shaped,
tests/unit/console/test_parser.py::test_bind_quoted_tokens_never_classified,1,R7,ported,r2-console tests::parser::test_bind_quoted_tokens_never_classified,
tests/unit/console/test_parser.py::test_bind_mixed_order_preserved,1,R7,ported,r2-console tests::parser::test_bind_mixed_order_preserved,
tests/unit/console/test_parser.py::test_bind_missing_option_value_caret,1,R7,ported,r2-console tests::parser::test_bind_missing_option_value_caret ; r2-console tests::parser::bind_error_line_is_the_full_original_input,
tests/unit/console/test_parser.py::test_bind_empty_option_name_caret,1,R7,ported,r2-console tests::parser::test_bind_empty_option_name_caret,
tests/unit/console/test_parser.py::test_bind_empty_parameter_name_caret,1,R7,ported,r2-console tests::parser::test_bind_empty_parameter_name_caret,
tests/unit/console/test_parser.py::test_bind_duplicate_named_last_wins,1,R7,ported,r2-console tests::parser::test_bind_duplicate_named_last_wins,
tests/unit/console/test_parser.py::test_bind_pem_paste_inside_quotes_is_one_positional,1,R7,ported,r2-console tests::parser::test_bind_pem_paste_inside_quotes_is_one_positional,
tests/unit/console/test_parser.py::test_token_dataclass_is_frozen,1,R7,n/a:frozen-dataclass,,FrozenInstanceError/AttributeError on assignment; Rust value objects are immutable behind & (no interior mutability)
tests/unit/console/test_providers_cmd.py::test_providers_table_lists_types_and_states,1,R8,ported,r2-console tests::providers_cmd::test_providers_table_lists_types_and_states,
tests/unit/console/test_providers_cmd.py::test_providers_logged_out_state,1,R8,ported,r2-console tests::providers_cmd::test_providers_logged_out_state,
tests/unit/console/test_providers_cmd.py::test_providers_missing_library_is_unavailable,1,R8,ported,r2-console tests::providers_cmd::test_providers_missing_library_is_unavailable,
tests/unit/console/test_providers_cmd.py::test_slots_lists_tokens,1,R8,ported,r2-console tests::providers_cmd::test_slots_lists_tokens,
tests/unit/console/test_providers_cmd.py::test_slots_no_tokens,1,R8,ported,r2-console tests::providers_cmd::test_slots_no_tokens,
tests/unit/console/test_providers_cmd.py::test_slots_missing_argument,1,R8,ported,r2-console tests::providers_cmd::test_slots_missing_argument,
tests/unit/console/test_providers_cmd.py::test_slots_unknown_provider,1,R8,ported,r2-console tests::providers_cmd::test_slots_unknown_provider,
tests/unit/console/test_providers_cmd.py::test_login_prompts_hidden_pin_and_logs_in,1,R8,ported,r2-console tests::providers_cmd::test_login_prompts_hidden_pin_and_logs_in,
tests/unit/console/test_providers_cmd.py::test_login_inline_pin_never_prompts,1,R8,ported,r2-console tests::providers_cmd::test_login_inline_pin_never_prompts,
tests/unit/console/test_providers_cmd.py::test_login_keep_pin_flag_is_passed,1,R8,ported,r2-console tests::providers_cmd::test_login_keep_pin_flag_is_passed,
tests/unit/console/test_providers_cmd.py::test_login_when_already_logged_in,1,R8,ported,r2-console tests::providers_cmd::test_login_when_already_logged_in,
tests/unit/console/test_providers_cmd.py::test_login_memory_provider_unsupported,1,R8,ported,r2-console tests::providers_cmd::test_login_memory_provider_unsupported,
tests/unit/console/test_providers_cmd.py::test_login_token_label_selects,1,R8,ported,r2-console tests::providers_cmd::test_login_token_label_selects,
tests/unit/console/test_providers_cmd.py::test_login_unknown_token_label,1,R8,ported,r2-console tests::providers_cmd::test_login_unknown_token_label,
tests/unit/console/test_providers_cmd.py::test_login_slot_selects,1,R8,ported,r2-console tests::providers_cmd::test_login_slot_selects,
tests/unit/console/test_providers_cmd.py::test_login_unknown_slot,1,R8,ported,r2-console tests::providers_cmd::test_login_unknown_slot,
tests/unit/console/test_providers_cmd.py::test_login_non_integer_slot,1,R8,ported,r2-console tests::providers_cmd::test_login_non_integer_slot,
tests/unit/console/test_providers_cmd.py::test_login_label_and_slot_conflict,1,R8,ported,r2-console tests::providers_cmd::test_login_label_and_slot_conflict,
tests/unit/console/test_providers_cmd.py::test_login_multiple_tokens_prompts_select,1,R8,ported,r2-console tests::providers_cmd::test_login_multiple_tokens_prompts_select,
tests/unit/console/test_providers_cmd.py::test_login_config_default_token_label,1,R8,ported,r2-console tests::providers_cmd::test_login_config_default_token_label,
tests/unit/console/test_providers_cmd.py::test_login_reprompts_on_wrong_pin,1,R8,ported,r2-console tests::providers_cmd::test_login_reprompts_on_wrong_pin,
tests/unit/console/test_providers_cmd.py::test_login_inline_wrong_pin_raises_without_reprompt,1,R8,ported,r2-console tests::providers_cmd::test_login_inline_wrong_pin_raises_without_reprompt,
tests/unit/console/test_providers_cmd.py::test_login_without_tokens,1,R8,ported,r2-console tests::providers_cmd::test_login_without_tokens,
tests/unit/console/test_providers_cmd.py::test_login_softhsm_without_wizard_module_falls_back,1,R8,n/a:lazy-import-wiring,,ImportError fallback when the wizard module is absent; the wizard is always linked in r2
tests/unit/console/test_providers_cmd.py::test_login_softhsm_triggers_wizard_and_uses_its_token,1,R8,ported,r2-console tests::providers_cmd::test_login_softhsm_triggers_wizard_and_uses_its_token,Python stubs c2.console.wizard via sys.modules: r2 needs an injectable wizard seam (skeleton hook) so R8 can test before R11 merges | R8: wizard API stubbed through commands::providers::test_seam (cfg(test) thread-local)
tests/unit/console/test_providers_cmd.py::test_login_softhsm_wizard_declined_stops_cleanly,1,R8,ported,r2-console tests::providers_cmd::test_login_softhsm_wizard_declined_stops_cleanly,Python stubs c2.console.wizard via sys.modules: r2 needs an injectable wizard seam (skeleton hook) so R8 can test before R11 merges | R8: wizard API stubbed through commands::providers::test_seam (cfg(test) thread-local)
tests/unit/console/test_providers_cmd.py::test_login_softhsm_initialized_token_skips_wizard,1,R8,ported,r2-console tests::providers_cmd::test_login_softhsm_initialized_token_skips_wizard,Python stubs c2.console.wizard via sys.modules: r2 needs an injectable wizard seam (skeleton hook) so R8 can test before R11 merges | R8: wizard API stubbed through commands::providers::test_seam (cfg(test) thread-local)
tests/unit/console/test_providers_cmd.py::test_login_softhsm_live_wizard_skips_for_initialized_token,1,R11,ported,r2-console tests::wizard::test_login_softhsm_live_wizard_skips_for_initialized_token ; r2-console tests::wizard::login_softhsm_live_wizard_skip_condition,consults the REAL wizard (token_needs_init) | the run_line half is #[ignore]d until R8 merges (login); the API half runs now
tests/unit/console/test_providers_cmd.py::test_login_softhsm_live_wizard_triggers_and_decline_stops,1,R11,ported,r2-console tests::wizard::test_login_softhsm_live_wizard_triggers_and_decline_stops ; r2-console tests::wizard::login_softhsm_live_wizard_trigger_and_decline ; r2-cli::e2e_wizard softhsm_wizard_e2e_decline_keeps_memory_usable,drives the REAL wizard's decline path | the run_line half and the e2e are #[ignore]d until R8 merges (login); the API half runs now
tests/unit/console/test_providers_cmd.py::test_login_other_provider_never_consults_wizard,1,R8,ported,r2-console tests::providers_cmd::test_login_other_provider_never_consults_wizard,Python stubs c2.console.wizard via sys.modules: r2 needs an injectable wizard seam (skeleton hook) so R8 can test before R11 merges
tests/unit/console/test_providers_cmd.py::test_logout_drops_session_capabilities,1,R8,ported,r2-console tests::providers_cmd::test_logout_drops_session_capabilities,
tests/unit/console/test_providers_cmd.py::test_logout_memory_unsupported,1,R8,ported,r2-console tests::providers_cmd::test_logout_memory_unsupported,
tests/unit/console/test_providers_cmd.py::test_list_keys_after_logout_requires_auth,1,R8,ported,r2-console tests::providers_cmd::test_list_keys_after_logout_requires_auth,
tests/unit/console/test_render.py::test_error_panel_message_and_hint,1,R1,ported,r2-core::render test_error_panel_message_and_hint ; r2-core::render error_panel_matches_rich_vectors ; r2-core::render render_emits_ansi_and_render_plain_strips_it,"renderer moved to R1 (spec §4.1.1): r2_core::render::error_panel | R1: + rich-15 byte vectors (238 panels, widths 9..200)"
tests/unit/console/test_render.py::test_error_panel_without_hint,1,R1,ported,r2-core::render test_error_panel_without_hint ; r2-core::render error_panel_matches_rich_vectors,renderer moved to R1 (spec §4.1.1): r2_core::render::error_panel
tests/unit/console/test_render.py::test_caret_text_single_line,1,R1,ported,r2-core::render test_caret_text_single_line ; r2-core::render caret_column_is_display_width,renderer moved to R1 (spec §4.1.1): r2_core::render::caret_text
tests/unit/console/test_render.py::test_caret_text_lands_on_the_right_physical_row,1,R1,ported,r2-core::render test_caret_text_lands_on_the_right_physical_row,renderer moved to R1 (spec §4.1.1): r2_core::render::caret_text
tests/unit/console/test_render.py::test_caret_text_clamps_out_of_range_pos,1,R1,ported,r2-core::render test_caret_text_clamps_out_of_range_pos,renderer moved to R1 (spec §4.1.1): r2_core::render::caret_text | R1: c2 pos=-5 is unrepresentable (usize); 0 checked as the lower clamp
tests/unit/console/test_render.py::test_hex_panel_groups_and_length,1,R1,ported,r2-core::render test_hex_panel_groups_and_length ; r2-core::render hex_panel_matches_rich_vectors,renderer moved to R1 (spec §4.1.1): r2_core::render::hex_panel
tests/unit/console/test_render.py::test_hex_panel_empty,1,R1,ported,r2-core::render test_hex_panel_empty ; r2-core::render hex_panel_matches_rich_vectors,renderer moved to R1 (spec §4.1.1): r2_core::render::hex_panel
tests/unit/console/test_render.py::test_make_table_cells_are_stringified,1,R1,ported,r2-core::render test_make_table_cells_are_stringified ; r2-core::render table_layout_is_simple_head,renderer moved to R1 (spec §4.1.1): r2_core::render::make_table
tests/unit/console/test_render.py::test_suggest_close_match_and_none,1,R7,ported,r2-console tests::render::test_suggest_close_match_and_none,
tests/unit/console/test_repl.py::test_help_then_exit,1,R7,ported,r2-console tests::repl::test_help_then_exit ; r2-cli::e2e_repl help_then_exit_transcript,
tests/unit/console/test_repl.py::test_exit_via_repl_exit_ends_the_session,1,R7,ported,r2-console tests::repl::test_exit_via_repl_exit_ends_the_session,
tests/unit/console/test_repl.py::test_quit_is_an_alias,1,R7,ported,r2-console tests::repl::test_quit_is_an_alias,
tests/unit/console/test_repl.py::test_ctrl_d_exits_cleanly,1,R7,ported,r2-console tests::repl::test_ctrl_d_exits_cleanly ; r2-cli::e2e_repl ctrl_d_at_the_prompt_exits_zero ; r2-console tests::repl::eof_in_a_continuation_leaves_the_repl,
tests/unit/console/test_repl.py::test_unknown_command_gets_suggestion,1,R7,ported,r2-console tests::repl::test_unknown_command_gets_suggestion ; r2-cli::e2e_repl unknown_command_suggestion_transcript,
tests/unit/console/test_repl.py::test_quoted_multiline_paste_binds_one_positional,1,R7,ported,r2-console tests::repl::test_quoted_multiline_paste_binds_one_positional ; r2-cli::e2e_repl quoted_multiline_pem_paste_is_one_token,
tests/unit/console/test_repl.py::test_empty_lines_are_ignored,1,R7,ported,r2-console tests::repl::test_empty_lines_are_ignored,
tests/unit/console/test_repl.py::test_user_abort_renders_single_aborted_line,1,R7,ported,r2-console tests::repl::test_user_abort_renders_single_aborted_line ; r2-console tests::repl::ctrl_c_at_the_prompt_prints_aborted_and_reprompts ; r2-console tests::repl::ctrl_c_in_a_continuation_aborts_the_whole_buffer ; r2-console tests::repl::a_user_abort_inside_a_prompt_flow_is_aborted_too,
tests/unit/console/test_repl.py::test_parse_error_echoes_caret,1,R7,ported,r2-console tests::repl::test_parse_error_echoes_caret ; r2-cli::e2e_repl parse_error_echoes_caret_transcript,
tests/unit/console/test_repl.py::test_unexpected_error_short_message_and_log_pointer,1,R7,ported,r2-console tests::repl::test_unexpected_error_short_message_and_log_pointer ; r2-console tests::repl::unexpected_error_without_a_hook_uses_the_payload ; r2-cli::bin/r2 tests::a_panic_inside_a_command_renders_unexpected_error_and_is_logged ; r2-cli::bin/r2 tests::the_panic_hook_records_message_location_and_backtrace,
tests/unit/console/test_repl.py::test_unexpected_error_with_debug_prints_traceback,1,R7,ported,r2-console tests::repl::test_unexpected_error_with_debug_prints_traceback ; r2-cli::bin/r2 tests::debug_prints_the_backtrace_before_the_panel,D4: Rust backtrace instead of a Python traceback | R7: Rust backtrace instead of a Python traceback (§11 D4)
tests/unit/console/test_repl.py::test_console_error_rendered_only_at_repl_boundary,1,R7,ported,r2-console tests::repl::test_console_error_rendered_only_at_repl_boundary,
tests/unit/console/test_repl.py::test_repl_exit_is_not_a_console_error,1,R7,n/a:exception-hierarchy,,"issubclass check; r2 exit is Flow::Exit, not an error, by type"
tests/unit/console/test_repl.py::test_scripted_io_drives_the_repl_fallback_read_path,1,R7,ported,r2-console tests::repl::test_scripted_io_drives_the_repl_fallback_read_path ; r2-console tests::repl::the_interrupt_flag_is_reset_before_every_dispatch,
tests/unit/console/test_repl.py::test_scripted_io_multiline_continuation_prompt,1,R7,ported,r2-console tests::repl::test_scripted_io_multiline_continuation_prompt,
tests/unit/console/test_repl.py::test_exit_command_raises_repl_exit_directly,1,R7,ported,r2-console tests::repl::test_exit_command_raises_repl_exit_directly,Rust: exit returns Ok(Flow::Exit)
tests/unit/console/test_template_editor.py::test_ok_returns_copy_and_leaves_input_untouched,1,R10,ported,r2-console tests::template_editor::test_ok_returns_copy_and_leaves_input_untouched,
tests/unit/console/test_template_editor.py::test_cancel_raises_user_abort,1,R10,ported,r2-console tests::template_editor::test_cancel_raises_user_abort,
tests/unit/console/test_template_editor.py::test_abort_synonym_raises_user_abort_after_edits,1,R10,ported,r2-console tests::template_editor::test_abort_synonym_raises_user_abort_after_edits,
tests/unit/console/test_template_editor.py::test_toggle_flips_boolean_rows,1,R10,ported,r2-console tests::template_editor::test_toggle_flips_boolean_rows,
tests/unit/console/test_template_editor.py::test_toggle_rejects_non_boolean_row,1,R10,ported,r2-console tests::template_editor::test_toggle_rejects_non_boolean_row,
tests/unit/console/test_template_editor.py::test_toggle_rejects_disabled_row,1,R10,ported,r2-console tests::template_editor::test_toggle_rejects_disabled_row,
tests/unit/console/test_template_editor.py::test_set_ulong_bytes_str_and_bool_values,1,R10,ported,r2-console tests::template_editor::test_set_ulong_bytes_str_and_bool_values,
tests/unit/console/test_template_editor.py::test_set_bad_values_are_reported_and_editing_continues,1,R10,ported,r2-console tests::template_editor::test_set_bad_values_are_reported_and_editing_continues,
tests/unit/console/test_template_editor.py::test_disable_omits_attr_from_enabled_attrs,1,R10,ported,r2-console tests::template_editor::test_disable_omits_attr_from_enabled_attrs,
tests/unit/console/test_template_editor.py::test_reenable_restores_attr,1,R10,ported,r2-console tests::template_editor::test_reenable_restores_attr,
tests/unit/console/test_template_editor.py::test_locked_rows_are_immutable,5,R10,ported,r2-console tests::template_editor::test_locked_rows_are_immutable,
tests/unit/console/test_template_editor.py::test_add_via_cka_catalog,1,R10,ported,r2-console tests::template_editor::test_add_via_cka_catalog,
tests/unit/console/test_template_editor.py::test_add_via_custom_attributes,1,R10,ported,r2-console tests::template_editor::test_add_via_custom_attributes,
tests/unit/console/test_template_editor.py::test_add_identity_attrs_kept_and_noted,1,R10,ported,r2-console tests::template_editor::test_add_identity_attrs_kept_and_noted,
tests/unit/console/test_template_editor.py::test_add_unknown_name_and_duplicates_are_rejected,1,R10,ported,r2-console tests::template_editor::test_add_unknown_name_and_duplicates_are_rejected,
tests/unit/console/test_template_editor.py::test_render_reflects_state_glyphs,1,R10,ported,r2-console tests::template_editor::test_render_reflects_state_glyphs,
tests/unit/console/test_template_editor.py::test_create_template_editor_factory,1,R10,ported,r2-console tests::template_editor::test_create_template_editor_factory,r2 constructs the editor directly (no lazy import)
tests/unit/console/test_template_editor.py::test_bootstrap_picks_up_the_real_editor,1,R10,ported,r2-console tests::template_editor::test_bootstrap_picks_up_the_real_editor,r2 constructs the editor directly: assert AppContext wires the checklist editor
tests/unit/console/test_template_editor.py::test_editor_seeded_from_default_template_flow,1,R10,ported,r2-console tests::template_editor::test_editor_seeded_from_default_template_flow,
tests/unit/console/test_wizard.py::TestDecline::test_decline_touches_nothing,1,R11,ported,r2-console tests::wizard::test_decline_touches_nothing ; r2-console tests::wizard::decline_works_on_a_provider_without_token_init_and_accept_refuses_it,
tests/unit/console/test_wizard.py::TestHappyPath::test_full_flow,1,R11,ported,r2-console tests::wizard::test_full_flow ; r2-console tests::wizard::transcript_matches_c2,os.environ at init → the recorded set_env_and_reset call (the wizard never sets the env itself)
tests/unit/console/test_wizard.py::TestHappyPath::test_report_snippet_matches_schema,1,R11,ported,r2-console tests::wizard::test_report_snippet_matches_schema ; r2-console tests::wizard::snippet_and_entry_match_c2_bytes,
tests/unit/console/test_wizard.py::TestHappyPath::test_pins_never_echoed,1,R11,ported,r2-console tests::wizard::test_pins_never_echoed,
tests/unit/console/test_wizard.py::TestHappyPath::test_empty_label_uses_default,1,R11,ported,r2-console tests::wizard::test_empty_label_uses_default,default label r2 (D7)
tests/unit/console/test_wizard.py::TestHappyPath::test_overlong_label_reprompted,1,R11,ported,r2-console tests::wizard::test_overlong_label_reprompted ; r2-console tests::wizard::label_limit_is_measured_in_utf8_bytes,byte-measured limit (D15)
tests/unit/console/test_wizard.py::TestPinPrompts::test_short_then_mismatch_then_ok,1,R11,ported,r2-console tests::wizard::test_short_then_mismatch_then_ok ; r2-console tests::wizard::pin_length_counts_characters,
tests/unit/console/test_wizard.py::TestPinPrompts::test_gives_up_after_three_attempts,1,R11,ported,r2-console tests::wizard::test_gives_up_after_three_attempts,
tests/unit/console/test_wizard.py::TestSlots::test_token_needs_init,1,R11,ported,r2-console tests::wizard::test_token_needs_init ; r2-console tests::wizard::token_needs_init_counts_a_label_or_a_serial_and_propagates_errors,
tests/unit/console/test_wizard.py::TestSlots::test_free_slot_picked_by_empty_label_and_serial,1,R11,ported,r2-console tests::wizard::test_free_slot_picked_by_empty_label_and_serial,
tests/unit/console/test_wizard.py::TestSlots::test_no_free_slot_raises,1,R11,ported,r2-console tests::wizard::test_no_free_slot_raises ; r2-console tests::wizard::token_missing_after_init_is_an_error ; r2-console tests::wizard::shared_module_refusal_keeps_the_conf_files_and_stops,
tests/unit/console/test_wizard.py::TestUtilFallback::test_fallback_runs_util_and_reloads,1,R11,ported,r2-console tests::wizard::test_fallback_runs_util_and_reloads ; r2-console tests::wizard::util_lookup_follows_shutil_which,shutil.which/subprocess.run monkeypatch → a fake softhsm2-util script on a test-owned $PATH (unix)
tests/unit/console/test_wizard.py::TestUtilFallback::test_no_util_reraises_original,1,R11,ported,r2-console tests::wizard::test_no_util_reraises_original,
tests/unit/console/test_wizard.py::TestUtilFallback::test_util_failure_raises_console_error,1,R11,ported,r2-console tests::wizard::test_util_failure_raises_console_error ; r2-console tests::wizard::util_failure_detail_is_stderr_then_stdout_then_the_exit_code ; r2-console tests::wizard::util_spawn_failure_is_an_error,fake script (unix)
tests/unit/console/test_wizard.py::TestConfigAppend::test_textual_append_preserves_comments_and_loads,1,R11,ported,r2-console tests::wizard::test_textual_append_preserves_comments_and_loads ; r2-console tests::wizard::appends_match_c2_bytes,
tests/unit/console/test_wizard.py::TestConfigAppend::test_structured_append_keeps_existing_instances,1,R11,ported,r2-console tests::wizard::test_structured_append_keeps_existing_instances ; r2-console tests::wizard::append_universal_newlines_and_backup_metadata,
tests/unit/console/test_wizard.py::TestConfigAppend::test_append_declined_leaves_file_alone,1,R11,ported,r2-console tests::wizard::test_append_declined_leaves_file_alone,
tests/unit/console/test_wizard.py::TestConfigAppend::test_duplicate_name_raises_config_error,1,R11,ported,r2-console tests::wizard::test_duplicate_name_raises_config_error,
tests/unit/console/test_wizard.py::TestConfigAppend::test_unresolved_library_skips_append_offer,1,R11,ported,r2-console tests::wizard::test_unresolved_library_skips_append_offer,
tests/unit/console/test_wizard.py::TestConfigAppend::test_library_redetected_from_search_paths,1,R11,ported,r2-console tests::wizard::test_library_redetected_from_search_paths,
tests/unit/console/test_wizard.py::TestHelpers::test_softhsm_conf_text_matches_spec,1,R11,ported,r2-console tests::wizard::test_softhsm_conf_text_matches_spec,
tests/unit/console/test_wizard.py::TestHelpers::test_write_softhsm_conf_creates_dirs,1,R11,ported,r2-console tests::wizard::test_write_softhsm_conf_creates_dirs,
tests/unit/console/test_wizard.py::TestHelpers::test_write_softhsm_conf_failure_is_config_error,1,R11,ported,r2-console tests::wizard::test_write_softhsm_conf_failure_is_config_error,
tests/unit/console/test_wizard.py::TestHelpers::test_append_rejects_non_mapping_file,1,R11,ported,r2-console tests::wizard::test_append_rejects_non_mapping_file ; r2-console tests::wizard::append_section_shape_errors_and_falsy_pkcs11 ; r2-console tests::wizard::append_io_errors_are_config_errors ; r2-console tests::wizard::append_backup_into_an_existing_directory ; r2-console tests::wizard::append_backup_that_is_the_config_itself_is_refused,
tests/unit/console/test_wizard.py::TestHelpers::test_append_to_empty_file,1,R11,ported,r2-console tests::wizard::test_append_to_empty_file,
tests/unit/console/test_wizard.py::TestHelpers::test_append_treats_null_sections_as_empty,2,R11,ported,r2-console tests::wizard::test_append_treats_null_sections_as_empty,"both c2 ids (null-providers, null-pkcs11) in one table-driven test"
tests/unit/core/test_codec.py::test_decode_matrix,30,R1,ported,r2-core::codec test_decode_matrix ; r2-core::codec decode_data_matches_c2_on_differential_vectors,R1: + 62 differential vectors generated from c2 decode_data
tests/unit/core/test_codec.py::test_decode_malformed_raises_codec_error,20,R1,ported,r2-core::codec test_decode_malformed_raises_codec_error ; r2-core::codec codec_messages_and_hints_are_c2_verbatim ; r2-core::codec decode_data_matches_c2_on_differential_vectors,
tests/unit/core/test_codec.py::test_unrecognized_input_message_and_hint_are_frozen,1,R1,ported,r2-core::codec test_unrecognized_input_message_and_hint_are_frozen,
tests/unit/core/test_codec.py::test_prefix_failure_never_falls_back,1,R1,ported,r2-core::codec test_prefix_failure_never_falls_back,
tests/unit/core/test_codec.py::test_pem_returns_rewrapped_text_not_der,1,R1,ported,r2-core::codec test_pem_returns_rewrapped_text_not_der,
tests/unit/core/test_codec.py::test_pem_multi_block_bundle_survives_as_text,1,R1,ported,r2-core::codec test_pem_multi_block_bundle_survives_as_text,
tests/unit/core/test_codec.py::test_real_pyca_pem_survives_mangling_and_reloads,1,R1,ported,r2-core::codec test_real_pyca_pem_survives_mangling_and_reloads,
tests/unit/core/test_codec.py::test_format_hex_empty,1,R1,ported,r2-core::codec test_format_hex_empty,
tests/unit/core/test_codec.py::test_format_hex_default_grouping,1,R1,ported,r2-core::codec test_format_hex_default_grouping,
tests/unit/core/test_codec.py::test_format_hex_group_and_width,1,R1,ported,r2-core::codec test_format_hex_group_and_width,
tests/unit/core/test_codec.py::test_format_hex_group_zero_is_continuous,1,R1,ported,r2-core::codec test_format_hex_group_zero_is_continuous,
tests/unit/core/test_codec.py::test_format_hex_partial_tail_group,1,R1,ported,r2-core::codec test_format_hex_partial_tail_group,
tests/unit/core/test_codec.py::test_format_hex_is_lowercase,1,R1,ported,r2-core::codec test_format_hex_is_lowercase,
tests/unit/core/test_datainput.py::test_inline_hex,1,R1,ported,r2-core::datainput test_inline_hex,
tests/unit/core/test_datainput.py::test_inline_goes_through_decode_data_prefixes,1,R1,ported,r2-core::datainput test_inline_goes_through_decode_data_prefixes,
tests/unit/core/test_datainput.py::test_inline_malformed_raises_codec_error,1,R1,ported,r2-core::datainput test_inline_malformed_raises_codec_error,
tests/unit/core/test_datainput.py::test_file_defaults_to_auto_and_origin_is_path,1,R1,ported,r2-core::datainput test_file_defaults_to_auto_and_origin_is_path,
tests/unit/core/test_datainput.py::test_file_raw_is_verbatim,1,R1,ported,r2-core::datainput test_file_raw_is_verbatim,
tests/unit/core/test_datainput.py::test_file_raw_even_for_decodable_text,1,R1,ported,r2-core::datainput test_file_raw_even_for_decodable_text,
tests/unit/core/test_datainput.py::test_file_auto_decodes_hex_text,1,R1,ported,r2-core::datainput test_file_auto_decodes_hex_text,
tests/unit/core/test_datainput.py::test_file_auto_decodes_base64_text,1,R1,ported,r2-core::datainput test_file_auto_decodes_base64_text,
tests/unit/core/test_datainput.py::test_file_auto_pem_returns_rewrapped_text_bytes,1,R1,ported,r2-core::datainput test_file_auto_pem_returns_rewrapped_text_bytes,
tests/unit/core/test_datainput.py::test_file_auto_binary_falls_back_to_raw,1,R1,ported,r2-core::datainput test_file_auto_binary_falls_back_to_raw,
tests/unit/core/test_datainput.py::test_file_auto_undecodable_text_falls_back_to_raw,1,R1,ported,r2-core::datainput test_file_auto_undecodable_text_falls_back_to_raw,
tests/unit/core/test_datainput.py::test_file_forced_hex,1,R1,ported,r2-core::datainput test_file_forced_hex,
tests/unit/core/test_datainput.py::test_file_forced_b64,1,R1,ported,r2-core::datainput test_file_forced_b64,
tests/unit/core/test_datainput.py::test_file_forced_hex_garbage_raises_codec_error,1,R1,ported,r2-core::datainput test_file_forced_hex_garbage_raises_codec_error,
tests/unit/core/test_datainput.py::test_file_forced_hex_on_binary_raises_codec_error,1,R1,ported,r2-core::datainput test_file_forced_hex_on_binary_raises_codec_error,
tests/unit/core/test_datainput.py::test_file_missing_raises_data_io_error,1,R1,ported,r2-core::datainput test_file_missing_raises_data_io_error,
tests/unit/core/test_datainput.py::test_console_write_renders_grouped_hex,1,R1,ported,r2-core::datainput test_console_write_renders_grouped_hex,
tests/unit/core/test_datainput.py::test_console_defaults,1,R1,ported,r2-core::datainput test_console_defaults,
tests/unit/core/test_datainput.py::test_file_write_raw,1,R1,ported,r2-core::datainput test_file_write_raw,
tests/unit/core/test_datainput.py::test_file_write_hex_is_continuous_with_newline,1,R1,ported,r2-core::datainput test_file_write_hex_is_continuous_with_newline,
tests/unit/core/test_datainput.py::test_file_write_b64_with_newline,1,R1,ported,r2-core::datainput test_file_write_b64_with_newline,
tests/unit/core/test_datainput.py::test_file_write_failure_raises_data_io_error,1,R1,ported,r2-core::datainput test_file_write_failure_raises_data_io_error,
tests/unit/core/test_errors.py::test_hierarchy,22,R1,ported,r2-core::errors test_hierarchy ; r2-core::errors constructors_build_their_kind_and_accessors_are_kind_specific,isinstance hierarchy -> ErrorKind family predicates (is_provider/is_key_lookup/is_operation)
tests/unit/core/test_errors.py::test_console_error_message_and_hint,1,R1,ported,r2-core::errors test_console_error_message_and_hint,
tests/unit/core/test_errors.py::test_console_error_hint_defaults_to_none,1,R1,ported,r2-core::errors test_console_error_hint_defaults_to_none,
tests/unit/core/test_errors.py::test_console_error_hint_is_keyword_only,1,R1,n/a:python-call-signature,,keyword-only TypeError; Rust constructors fix the signature at compile time
tests/unit/core/test_errors.py::test_parse_error_extras,1,R1,ported,r2-core::errors test_parse_error_extras,
tests/unit/core/test_errors.py::test_parse_error_extras_are_required_keyword_only,1,R1,n/a:python-call-signature,,"keyword-only/required TypeError; ErrorKind::Parse{line,pos} fields are required by type"
tests/unit/core/test_errors.py::test_pkcs11_error_extras,1,R1,ported,r2-core::errors test_pkcs11_error_extras,port the positive asserts; the missing-kwarg TypeError part is Python-only
tests/unit/core/test_errors.py::test_ambiguous_key_error_extras,1,R1,ported,r2-core::errors test_ambiguous_key_error_extras,port the positive asserts; the missing-kwarg TypeError part is Python-only
tests/unit/core/test_errors.py::test_param_error_extras,1,R1,ported,r2-core::errors test_param_error_extras,port the positive asserts; the missing-kwarg TypeError part is Python-only
tests/unit/core/test_errors.py::test_everything_catchable_as_console_error,1,R1,ported,r2-core::errors test_everything_catchable_as_console_error,every error is a ConsoleError by type in Rust; port as kind/predicate checks
tests/unit/core/test_io_protocols.py::test_scripted_io_passes_as_console_io_argument,1,R1,ported,r2-core::io test_scripted_io_passes_as_console_io_argument ; r2-core::scripted_io test_print_collects_plain_strings,"mypy structural Protocol check; Rust `impl Trait for T` is compiler-checked | R1 fix round 1: ported — the behavioral assertion (output == [""via protocol""]) through a &dyn ConsoleIo; the structural Protocol part is compile-checked"
tests/unit/core/test_io_protocols.py::test_identity_editor_satisfies_template_editor_protocol,1,R1,ported,r2-core::io test_identity_editor_satisfies_template_editor_protocol ; r2-core::scripted_io identity_editor_returns_the_template,mypy structural Protocol check; Rust `impl Trait for T` is compiler-checked | R1 fix round 1: ported — the behavioral assertion (identity edit returns the template) through a &dyn TemplateEditor; the structural Protocol part is compile-checked
tests/unit/core/test_io_protocols.py::test_core_stays_console_free,1,R1,ported,r2-core::io test_core_stays_console_free,"layering is enforced by the crate graph; port as a cargo-metadata check that r2-core has no reedline/comfy-table/anstream/r2-console dependency, or n/a if R0's deny.toml bans cover it | R1: manifest check — r2-core [dependencies] == the §4.1.2 list exactly (comfy-table/anstream/anstyle are permitted there since the renderer moved to r2-core; fix round 1 dropped the unused difflib and unicode-width, §4.11); no terminal/line-editor or workspace crate"
tests/unit/core/test_keys.py::test_key_class_values,1,R1,ported,r2-core::keys test_key_class_values ; r2-core::keys enum_tokens_symbols_and_curves,
tests/unit/core/test_keys.py::test_key_algorithm_values,1,R1,ported,r2-core::keys test_key_algorithm_values ; r2-core::keys enum_tokens_symbols_and_curves,
tests/unit/core/test_keys.py::test_display_without_id,1,R1,ported,r2-core::keys test_display_without_id,
tests/unit/core/test_keys.py::test_display_with_id_is_lowercase_hex,1,R1,ported,r2-core::keys test_display_with_id_is_lowercase_hex,
tests/unit/core/test_keys.py::test_parse_ref_valid,24,R1,ported,r2-core::keys test_parse_ref_valid ; r2-core::keys parse_ref_handle_out_of_range,
tests/unit/core/test_keys.py::test_parse_ref_malformed,14,R1,ported,r2-core::keys test_parse_ref_malformed ; r2-core::keys parse_ref_messages_and_hints_are_c2_verbatim ; r2-core::keys parse_ref_positions_are_byte_offsets,
tests/unit/core/test_keys.py::test_display_parse_ref_round_trip,5,R1,ported,r2-core::keys test_display_parse_ref_round_trip,
tests/unit/core/test_keys.py::test_display_refs_plain_when_unique,1,R1,ported,r2-core::keys test_display_refs_plain_when_unique,
tests/unit/core/test_keys.py::test_display_refs_suffixes_colliding_family,1,R1,ported,r2-core::keys test_display_refs_suffixes_colliding_family,
tests/unit/core/test_keys.py::test_handle_int_never_calls_str_or_repr,1,R1,n/a:pykcs11-repr-hazard,,PyKCS11 handle repr/coercion hazard; KeyInfo.handle is Option<u64> (PLAN §5)
tests/unit/core/test_keys.py::test_handle_int_accepts_index_protocol,1,R1,n/a:pykcs11-repr-hazard,,PyKCS11 handle repr/coercion hazard; KeyInfo.handle is Option<u64> (PLAN §5); Python __index__ coercion
tests/unit/core/test_keys.py::test_display_refs_appends_handle_for_same_class_duplicates,1,R1,ported,r2-core::keys test_display_refs_appends_handle_for_same_class_duplicates,
tests/unit/core/test_keys.py::test_key_info_is_frozen_with_defaults,1,R1,ported,r2-core::keys test_key_info_is_frozen_with_defaults,port the default-value asserts; the frozen-assignment part is Python-only | R1: default-value asserts only (frozen dataclass = immutability by &)
tests/unit/core/test_keys.py::test_key_material_defaults,1,R1,ported,r2-core::keys test_key_material_defaults ; r2-core::keys key_material_debug_hides_the_bytes,port the default-value asserts; the frozen-assignment part is Python-only | R1: default-value asserts only
tests/unit/core/test_keys_objects.py::test_data_selector_parses_case_insensitively,1,R1,ported,r2-core::keys_objects test_data_selector_parses_case_insensitively,
tests/unit/core/test_keys_objects.py::test_class_tokens_and_selectors_cover_every_class,1,R1,ported,r2-core::keys_objects test_class_tokens_and_selectors_cover_every_class,
tests/unit/core/test_keys_objects.py::test_display_refs_suffixes_data_objects_on_collision,1,R1,ported,r2-core::keys_objects test_display_refs_suffixes_data_objects_on_collision,
tests/unit/core/test_keys_objects.py::test_new_algorithm_members,1,R1,ported,r2-core::keys_objects test_new_algorithm_members,
tests/unit/core/test_params.py::test_verb_values,1,R1,ported,r2-core::params test_verb_values,
tests/unit/core/test_params.py::test_param_kind_values,1,R1,ported,r2-core::params test_param_kind_values,
tests/unit/core/test_params.py::test_param_spec_defaults,1,R1,ported,r2-core::params test_param_spec_defaults,
tests/unit/core/test_params.py::test_param_spec_is_frozen,1,R1,n/a:frozen-dataclass,,FrozenInstanceError/AttributeError on assignment; Rust value objects are immutable behind & (no interior mutability)
tests/unit/core/test_params.py::test_param_spec_full_construction,1,R1,ported,r2-core::params test_param_spec_full_construction ; r2-core::params param_validator_identity_and_debug,
tests/unit/core/test_params.py::test_param_spec_default_from_mirror,1,R1,ported,r2-core::params test_param_spec_default_from_mirror,
tests/unit/core/test_scripted_io.py::test_scripted_io_satisfies_console_io_protocol,1,R1,n/a:protocol-conformance,,mypy structural Protocol check; Rust `impl Trait for T` is compiler-checked
tests/unit/core/test_scripted_io.py::test_scripted_flow_runs_off_queued_answers,1,R1,ported,r2-core::scripted_io test_scripted_flow_runs_off_queued_answers,
tests/unit/core/test_scripted_io.py::test_scripted_flow_abort_path,1,R1,ported,r2-core::scripted_io test_scripted_flow_abort_path,
tests/unit/core/test_scripted_io.py::test_prompt_answers_pop_in_order,1,R1,ported,r2-core::scripted_io test_prompt_answers_pop_in_order,
tests/unit/core/test_scripted_io.py::test_exhausted_queue_raises_assertion_error,1,R1,ported,r2-core::scripted_io test_exhausted_queue_raises_assertion_error,"R1: AssertionError → panic (catch_unwind), message asserted verbatim"
tests/unit/core/test_scripted_io.py::test_select_matches_by_option_text,1,R1,ported,r2-core::scripted_io test_select_matches_by_option_text,
tests/unit/core/test_scripted_io.py::test_select_matches_by_index,1,R1,ported,r2-core::scripted_io test_select_matches_by_index,
tests/unit/core/test_scripted_io.py::test_select_prefers_option_text_over_index,1,R1,ported,r2-core::scripted_io test_select_prefers_option_text_over_index,
tests/unit/core/test_scripted_io.py::test_select_rejects_unknown_answer,1,R1,ported,r2-core::scripted_io test_select_rejects_unknown_answer,R1: AssertionError → panic (catch_unwind)
tests/unit/core/test_scripted_io.py::test_confirm_answers,1,R1,ported,r2-core::scripted_io test_confirm_answers,R1: AssertionError → panic (catch_unwind)
tests/unit/core/test_scripted_io.py::test_prompt_secret_and_multiline_pop_answers,1,R1,ported,r2-core::scripted_io test_prompt_secret_and_multiline_pop_answers,
tests/unit/core/test_scripted_io.py::test_print_collects_plain_strings,1,R1,ported,r2-core::scripted_io test_print_collects_plain_strings ; r2-core::scripted_io print_renders_plain_text_at_capture_width,
tests/unit/core/test_scripted_io.py::test_print_error_collects_message_and_hint,1,R1,ported,r2-core::scripted_io test_print_error_collects_message_and_hint,
tests/unit/core/test_templates.py::test_attr_kind_values,1,R1,ported,r2-core::template test_attr_kind_values ; r2-core::template attr_value_text_helpers,
tests/unit/core/test_templates.py::test_template_attr_defaults,1,R1,ported,r2-core::template test_template_attr_defaults,
tests/unit/core/test_templates.py::test_get_returns_attr_or_none,1,R1,ported,r2-core::template test_get_returns_attr_or_none,
tests/unit/core/test_templates.py::test_set_updates_value_in_place,1,R1,ported,r2-core::template test_set_updates_value_in_place,
tests/unit/core/test_templates.py::test_set_unknown_name_raises_param_error,1,R1,ported,r2-core::template test_set_unknown_name_raises_param_error,
tests/unit/core/test_templates.py::test_set_does_not_flip_enabled_or_locked,1,R1,ported,r2-core::template test_set_does_not_flip_enabled_or_locked,
tests/unit/core/test_templates.py::test_enabled_attrs_omits_disabled_preserving_order,1,R1,ported,r2-core::template test_enabled_attrs_omits_disabled_preserving_order,
tests/unit/core/test_templates.py::test_disable_then_reenable_roundtrip,1,R1,ported,r2-core::template test_disable_then_reenable_roundtrip,
tests/unit/core/test_templates.py::test_locked_flag_is_carried_not_enforced_by_model,1,R1,ported,r2-core::template test_locked_flag_is_carried_not_enforced_by_model,
tests/unit/pkcs11/test_attributes.py::TestCatalog::test_frozen_shape,1,R5a,ported,r2-pkcs11 tests::attributes::catalog_frozen_shape,
tests/unit/pkcs11/test_attributes.py::TestCatalog::test_read_only,1,R5a,n/a:python-readonly-mapping,,MappingProxyType assignment TypeError; the Rust CKA_CATALOG is an immutable static
tests/unit/pkcs11/test_attributes.py::TestCatalog::test_every_entry_well_formed,1,R5a,ported,r2-pkcs11 tests::attributes::catalog_every_entry_well_formed,
tests/unit/pkcs11/test_attributes.py::TestConversion::test_enabled_only_disabled_omitted,1,R5a,ported,r2-pkcs11 tests::attributes::conversion_enabled_only_disabled_omitted,
tests/unit/pkcs11/test_attributes.py::TestConversion::test_order_preserved,1,R5a,ported,r2-pkcs11 tests::attributes::conversion_order_preserved,
tests/unit/pkcs11/test_attributes.py::TestConversion::test_unknown_name_raises,1,R5a,ported,r2-pkcs11 tests::attributes::conversion_unknown_name_raises,
tests/unit/pkcs11/test_attributes.py::TestConversion::test_symbolic_ulong_passes_through,1,R5a,ported,r2-pkcs11 tests::attributes::conversion_symbolic_ulong_passes_through,
tests/unit/pkcs11/test_attributes.py::TestConversion::test_value_kind_mismatches,1,R5a,ported,r2-pkcs11 tests::attributes::conversion_value_kind_mismatches,
tests/unit/pkcs11/test_attributes.py::TestConversion::test_bytearray_normalized_to_bytes,1,R5a,n/a:python-bytearray,,bytes vs bytearray normalization; Rust has one byte type (Vec<u8>)
tests/unit/pkcs11/test_attributes.py::TestConversion::test_custom_attribute_resolution,1,R5a,ported,r2-pkcs11 tests::attributes::conversion_custom_attribute_resolution,
tests/unit/pkcs11/test_attributes.py::TestConversion::test_catalog_wins_over_custom,1,R5a,ported,r2-pkcs11 tests::attributes::conversion_catalog_wins_over_custom,
tests/unit/pkcs11/test_attributes.py::TestVendorEncoding::test_bool,1,R5a,ported,r2-pkcs11 tests::attributes::vendor_encoding_bool,
tests/unit/pkcs11/test_attributes.py::TestVendorEncoding::test_ulong_native_endian,1,R5a,ported,r2-pkcs11 tests::attributes::vendor_encoding_ulong_native_endian,
tests/unit/pkcs11/test_attributes.py::TestVendorEncoding::test_ulong_rejects_non_int,1,R5a,ported,r2-pkcs11 tests::attributes::vendor_encoding_ulong_rejects_non_int,
tests/unit/pkcs11/test_attributes.py::TestVendorEncoding::test_str_and_bytes,1,R5a,ported,r2-pkcs11 tests::attributes::vendor_encoding_str_and_bytes,
tests/unit/pkcs11/test_attributes.py::TestVendorDecoding::test_round_trips_every_kind,1,R5a,ported,r2-pkcs11 tests::attributes::vendor_decoding_round_trips_every_kind,
tests/unit/pkcs11/test_attributes.py::TestVendorDecoding::test_bool_any_nonzero_byte_is_true,1,R5a,ported,r2-pkcs11 tests::attributes::vendor_decoding_bool_any_nonzero_byte_is_true,
tests/unit/pkcs11/test_attributes.py::TestVendorDecoding::test_str_replaces_undecodable_bytes,1,R5a,ported,r2-pkcs11 tests::attributes::vendor_decoding_str_replaces_undecodable_bytes,
tests/unit/pkcs11/test_attributes.py::TestTemplateIdentity::test_none_templates_yield_nothing,1,R5a,ported,r2-pkcs11 tests::attributes::identity_none_templates_yield_nothing,
tests/unit/pkcs11/test_attributes.py::TestTemplateIdentity::test_extracts_enabled_rows,1,R5a,ported,r2-pkcs11 tests::attributes::identity_extracts_enabled_rows,
tests/unit/pkcs11/test_attributes.py::TestTemplateIdentity::test_disabled_rows_ignored,1,R5a,ported,r2-pkcs11 tests::attributes::identity_disabled_rows_ignored,
tests/unit/pkcs11/test_attributes.py::TestTemplateIdentity::test_agreeing_templates_merge,1,R5a,ported,r2-pkcs11 tests::attributes::identity_agreeing_templates_merge,
tests/unit/pkcs11/test_attributes.py::TestTemplateIdentity::test_conflicting_ids_rejected,1,R5a,ported,r2-pkcs11 tests::attributes::identity_conflicting_ids_rejected,
tests/unit/pkcs11/test_attributes.py::TestTemplateIdentity::test_conflicting_labels_rejected,1,R5a,ported,r2-pkcs11 tests::attributes::identity_conflicting_labels_rejected,
tests/unit/pkcs11/test_attributes.py::TestTemplateIdentity::test_empty_id_rejected,1,R5a,ported,r2-pkcs11 tests::attributes::identity_empty_id_rejected,
tests/unit/pkcs11/test_attributes.py::TestTemplateIdentity::test_empty_label_rejected,1,R5a,ported,r2-pkcs11 tests::attributes::identity_empty_label_rejected,
tests/unit/pkcs11/test_attributes.py::TestTemplateIdentity::test_bytearray_id_normalized,1,R5a,n/a:python-bytearray,,bytes vs bytearray normalization; Rust has one byte type (Vec<u8>)
tests/unit/pkcs11/test_mechanisms.py::TestFolding::test_hash_variants_fold,1,R5a,ported,r2-pkcs11 tests::capability::folding_hash_variants_fold,moved to R5a (spec §4.1.1): capability.rs (folding)
tests/unit/pkcs11/test_mechanisms.py::TestFolding::test_cbc_and_cbc_pad_fold_to_one_name,1,R5a,ported,r2-pkcs11 tests::capability::folding_cbc_and_cbc_pad_fold_to_one_name,moved to R5a (spec §4.1.1): capability.rs (folding)
tests/unit/pkcs11/test_mechanisms.py::TestFolding::test_gmac_advertised_via_gcm_fallback,1,R5a,ported,r2-pkcs11 tests::capability::folding_gmac_advertised_via_gcm_fallback,moved to R5a (spec §4.1.1): capability.rs (folding)
tests/unit/pkcs11/test_mechanisms.py::TestFolding::test_wrap_and_derive_names,1,R5a,ported,r2-pkcs11 tests::capability::folding_wrap_and_derive_names,moved to R5a (spec §4.1.1): capability.rs (folding)
tests/unit/pkcs11/test_mechanisms.py::TestFolding::test_rsa_aes_key_wrap_not_advertised,1,R5a,ported,r2-pkcs11 tests::capability::folding_rsa_aes_key_wrap_not_advertised,moved to R5a (spec §4.1.1): capability.rs (folding)
tests/unit/pkcs11/test_mechanisms.py::TestFolding::test_empty_codes_fold_to_nothing,1,R5a,ported,r2-pkcs11 tests::capability::folding_empty_codes_fold_to_nothing,moved to R5a (spec §4.1.1): capability.rs (folding)
tests/unit/pkcs11/test_mechanisms.py::TestEddsaProbe::test_standard_ckm_wins,1,R5a,ported,r2-pkcs11 tests::capability::eddsa_standard_ckm_wins,moved to R5a (spec §4.1.1): capability.rs (EdDSA probe)
tests/unit/pkcs11/test_mechanisms.py::TestEddsaProbe::test_vendor_probe_is_advisory,1,R5a,ported,r2-pkcs11 tests::capability::eddsa_vendor_probe_is_advisory,moved to R5a (spec §4.1.1): capability.rs (EdDSA probe)
tests/unit/pkcs11/test_mechanisms.py::TestEddsaProbe::test_default_candidates_only_when_token_lists_them,1,R5a,ported,r2-pkcs11 tests::capability::eddsa_default_candidates_only_when_token_lists_them,moved to R5a (spec §4.1.1): capability.rs (EdDSA probe)
tests/unit/pkcs11/test_mechanisms.py::TestCustomMerge::test_custom_ckm_advertised_when_token_lists_it,1,R5a,ported,r2-pkcs11 tests::capability::custom_ckm_advertised_when_token_lists_it,moved to R5a (spec §4.1.1): capability.rs (custom merge)
tests/unit/pkcs11/test_mechanisms.py::TestCustomMerge::test_custom_and_builtin_coexist,1,R5a,ported,r2-pkcs11 tests::capability::custom_and_builtin_coexist,moved to R5a (spec §4.1.1): capability.rs (custom merge)
tests/unit/pkcs11/test_mechanisms.py::TestNormalize::test_names_and_ints_mix,1,R5a,ported,r2-pkcs11 tests::capability::unknown_ckms_survive_the_unfiltered_mechanism_list,unfiltered mechanism-list normalization feeding the fold (R5a accept: unknown CKMs survive the unfiltered mechanism list)
tests/unit/pkcs11/test_mechanisms.py::TestHashHelpers::test_digest_info_sha256_prefix,1,R5b,ported,r2-pkcs11 tests::mechanisms::digest_info_sha256_prefix,
tests/unit/pkcs11/test_mechanisms.py::TestHashHelpers::test_unknown_hash_rejected,1,R5b,ported,r2-pkcs11 tests::mechanisms::unknown_hash_rejected,
tests/unit/pkcs11/test_mechanisms.py::TestPackers::test_none_packer,1,R5b,ported,r2-pkcs11 tests::mechanisms::none_packer,
tests/unit/pkcs11/test_mechanisms.py::TestPackers::test_iv_packer,1,R5b,ported,r2-pkcs11 tests::mechanisms::iv_packer,
tests/unit/pkcs11/test_mechanisms.py::TestPackers::test_iv_packer_requires_iv,1,R5b,ported,r2-pkcs11 tests::mechanisms::iv_packer_requires_iv,
tests/unit/pkcs11/test_mechanisms.py::TestPackers::test_gcm_packer_conventional_names,1,R5b,ported,r2-pkcs11 tests::mechanisms::gcm_packer_conventional_names,
tests/unit/pkcs11/test_mechanisms.py::TestPackers::test_gcm_packer_defaults,1,R5b,ported,r2-pkcs11 tests::mechanisms::gcm_packer_defaults,
tests/unit/pkcs11/test_mechanisms.py::TestPackers::test_oaep_packer,1,R5b,ported,r2-pkcs11 tests::mechanisms::oaep_packer,
tests/unit/pkcs11/test_mechanisms.py::TestPackers::test_oaep_packer_mgf_defaults_to_hash,1,R5b,ported,r2-pkcs11 tests::mechanisms::oaep_packer_mgf_defaults_to_hash,
tests/unit/pkcs11/test_mechanisms.py::TestPackers::test_raw_packer_prefers_raw_param_bytes,1,R5b,ported,r2-pkcs11 tests::mechanisms::raw_packer_prefers_raw_param_bytes,
tests/unit/pkcs11/test_mechanisms.py::TestPackers::test_raw_packer_falls_back_to_mechparam,1,R5b,ported,r2-pkcs11 tests::mechanisms::raw_packer_falls_back_to_mechparam,
tests/unit/pkcs11/test_mechanisms.py::TestPackers::test_raw_packer_requires_bytes,1,R5b,ported,r2-pkcs11 tests::mechanisms::raw_packer_requires_bytes,
tests/unit/pkcs11/test_mechanisms.py::TestPackers::test_missing_raw_ckm_is_a_bug,1,R5b,ported,r2-pkcs11 tests::mechanisms::missing_raw_ckm_is_a_bug,
tests/unit/pkcs11/test_mechanisms.py::TestCmacFolding::test_cmac_general_alone_is_not_advertised,1,R5a,ported,r2-pkcs11 tests::capability::cmac_general_alone_is_not_advertised,moved to R5a (spec §4.1.1): capability.rs (folding)
tests/unit/pkcs11/test_mechanisms.py::TestCmacFolding::test_cmac_advertised_with_plain_ckm,1,R5a,ported,r2-pkcs11 tests::capability::cmac_advertised_with_plain_ckm,moved to R5a (spec §4.1.1): capability.rs (folding)
tests/unit/pkcs11/test_objects.py::TestGenericSecrets::test_mechanisms_fold_hmac,1,R5a,ported,r2-pkcs11 tests::capability::mechanisms_fold_hmac,"HMAC CKM folding in mechanisms() (capability.rs, spec §4.1.1)"
tests/unit/pkcs11/test_objects.py::TestGenericSecrets::test_generate_uses_generic_keygen_and_value_len,1,R5a,ported,r2-pkcs11 tests::objects::generate_uses_generic_keygen_and_value_len,
tests/unit/pkcs11/test_objects.py::TestGenericSecrets::test_generic_import_reads_back_as_generic,1,R5a,ported,r2-pkcs11 tests::objects::generic_import_reads_back_as_generic,
tests/unit/pkcs11/test_objects.py::TestGenericSecrets::test_hmac_key_types_fold_into_generic,1,R5b,ported,r2-pkcs11 tests::verbs::hmac_key_types_fold_into_generic,moved from the R5a test file: exercises R5b-owned provider code (read_key_template; the CKK fold on read is R5a)
tests/unit/pkcs11/test_objects.py::TestGenericSecrets::test_hmac_sign_selects_ckm_by_hash_and_truncates,1,R5b,ported,r2-pkcs11 tests::verbs::hmac_sign_selects_ckm_by_hash_and_truncates,moved from the R5a test file: exercises R5b-owned provider code (HMAC sign/verify)
tests/unit/pkcs11/test_objects.py::TestGenericSecrets::test_hmac_requires_generic_and_cmac_requires_aes,1,R5b,ported,r2-pkcs11 tests::verbs::hmac_requires_generic_and_cmac_requires_aes,moved from the R5a test file: exercises R5b-owned provider code (HMAC/CMAC key-type rule)
tests/unit/pkcs11/test_objects.py::TestGenericSecrets::test_missing_hmac_ckm_is_an_unsupported_operation,1,R5b,ported,r2-pkcs11 tests::verbs::missing_hmac_ckm_is_an_unsupported_operation,moved from the R5a test file: exercises R5b-owned provider code (HMAC sign)
tests/unit/pkcs11/test_objects.py::TestGenericSecrets::test_key_size_range_is_translated_with_a_hint,1,R5b,ported,r2-pkcs11 tests::verbs::key_size_range_is_translated_with_a_hint,moved from the R5a test file: exercises R5b-owned provider code (HMAC sign; CKR row itself is R5a)
tests/unit/pkcs11/test_objects.py::TestGenericSecrets::test_unwrap_into_generic_secret,1,R5b,ported,r2-pkcs11 tests::wrap_kek::unwrap_into_generic_secret,moved from the R5a test file: exercises R5b-owned provider code (unwrap + CKA_VALUE_LEN injection)
tests/unit/pkcs11/test_objects.py::TestDataObjects::test_import_template_has_no_key_type_id_or_policy,1,R5a,ported,r2-pkcs11 tests::objects::data_import_template_has_no_key_type_id_or_policy,
tests/unit/pkcs11/test_objects.py::TestDataObjects::test_list_find_export_delete,1,R5a,ported,r2-pkcs11 tests::objects::data_list_find_export_delete,
tests/unit/pkcs11/test_objects.py::TestDataObjects::test_identity_rules,1,R5a,ported,r2-pkcs11 tests::objects::data_identity_rules,
tests/unit/pkcs11/test_objects.py::TestDataObjects::test_verbs_refused,1,R5b,ported,r2-pkcs11 tests::verbs::data_object_verbs_refused,moved from the R5a test file: exercises R5b-owned provider code (verb refusals)
tests/unit/pkcs11/test_objects.py::TestDataObjects::test_edit_surfaces,1,R5b,ported,r2-pkcs11 tests::edit::data_object_edit_surfaces,moved from the R5a test file: exercises R5b-owned provider code (read_key_template/read_full_template/update_key)
tests/unit/pkcs11/test_objects.py::TestOtherKeyTypes::test_listed_as_other_and_refused_elsewhere,1,R5b,ported,r2-pkcs11 tests::verbs::other_key_types_listed_as_other_and_refused_elsewhere,moved from the R5a test file: exercises R5b-owned provider code (verb refusals + read_full_template; listing part is R5a)
tests/unit/pkcs11/test_objects.py::TestOtherKeyTypes::test_import_and_generate_refuse_other,1,R5a,ported,r2-pkcs11 tests::objects::import_and_generate_refuse_other,
tests/unit/pkcs11/test_objects.py::test_certificate_category_round_trips_through_the_byte_path,1,R5b,ported,r2-pkcs11 tests::edit::certificate_category_round_trips_through_the_byte_path,moved from the R5a test file: exercises R5b-owned provider code (read_full_template/read_key_template; import byte path is R5a)
tests/unit/pkcs11/test_provider_edit.py::TestReadKeyTemplate::test_secret_key_snapshot,1,R5b,ported,r2-pkcs11 tests::edit::read_key_template_secret_key_snapshot,
tests/unit/pkcs11/test_provider_edit.py::TestReadKeyTemplate::test_certificate_has_no_key_type_row,1,R5b,ported,r2-pkcs11 tests::edit::read_key_template_certificate_has_no_key_type_row,
tests/unit/pkcs11/test_provider_edit.py::TestReadKeyTemplate::test_vendor_attribute_decoded,1,R5b,ported,r2-pkcs11 tests::edit::read_key_template_vendor_attribute_decoded,
tests/unit/pkcs11/test_provider_edit.py::TestUpdateKey::test_usage_flag_applied,1,R5b,ported,r2-pkcs11 tests::edit::update_key_usage_flag_applied,
tests/unit/pkcs11/test_provider_edit.py::TestUpdateKey::test_partial_failure_continues_per_attribute,1,R5b,ported,r2-pkcs11 tests::edit::update_key_partial_failure_continues_per_attribute,
tests/unit/pkcs11/test_provider_edit.py::TestUpdateKey::test_rename_updates_object_and_info,1,R5b,ported,r2-pkcs11 tests::edit::update_key_rename_updates_object_and_info,
tests/unit/pkcs11/test_provider_edit.py::TestUpdateKey::test_identity_batch_is_all_or_nothing,1,R5b,ported,r2-pkcs11 tests::edit::update_key_identity_batch_is_all_or_nothing,
tests/unit/pkcs11/test_provider_edit.py::TestUpdateKey::test_duplicate_identity_precheck_mutates_nothing,1,R5b,ported,r2-pkcs11 tests::edit::update_key_duplicate_identity_precheck_mutates_nothing,
tests/unit/pkcs11/test_provider_edit.py::TestUpdateKey::test_label_only_rename_keeping_id_is_allowed,1,R5b,ported,r2-pkcs11 tests::edit::update_key_label_only_rename_keeping_id_is_allowed,
tests/unit/pkcs11/test_provider_edit.py::TestUpdateKey::test_locked_names_rejected,1,R5b,ported,r2-pkcs11 tests::edit::update_key_locked_names_rejected,
tests/unit/pkcs11/test_provider_edit.py::TestUpdateKey::test_empty_identity_values_rejected,1,R5b,ported,r2-pkcs11 tests::edit::update_key_empty_identity_values_rejected,
tests/unit/pkcs11/test_provider_edit.py::TestUpdateKey::test_vendor_attribute_encoded_on_write,1,R5b,ported,r2-pkcs11 tests::edit::update_key_vendor_attribute_encoded_on_write,
tests/unit/pkcs11/test_provider_edit.py::TestUpdateKey::test_keep_pin_recovery_retries_whole_edit_once,1,R5b,ported,r2-pkcs11 tests::edit::update_key_keep_pin_recovery_retries_whole_edit_once,
tests/unit/pkcs11/test_provider_edit.py::TestUpdateKey::test_recovery_after_rename_landed_re_resolves_new_identity,1,R5b,ported,r2-pkcs11 tests::edit::update_key_recovery_after_rename_landed_re_resolves_new_identity,
tests/unit/pkcs11/test_provider_edit.py::TestCkrMapping::test_attribute_read_only_maps_to_friendly_pkcs11_error,1,R5b,ported,r2-pkcs11 tests::edit::attribute_read_only_maps_to_friendly_pkcs11_error,
tests/unit/pkcs11/test_provider_objects.py::TestTemplateConversion::test_enabled_only_and_disabled_omitted,1,R5a,ported,r2-pkcs11 tests::objects::enabled_only_and_disabled_omitted ; r2-pkcs11 tests::objects::str_attr_unknown_constant_is_a_param_error ; r2-pkcs11 tests::objects::str_attr_known_constant_stored_as_decimal_text,c2 _entry_value resolves CKO_/CKK_/CKC_/CKM_ str values of any non-vendor attr (STR rows too; known -> decimal text)
tests/unit/pkcs11/test_provider_objects.py::TestTemplateConversion::test_locked_class_mismatch_rejected,1,R5a,ported,r2-pkcs11 tests::objects::locked_class_mismatch_rejected,
tests/unit/pkcs11/test_provider_objects.py::TestTemplateConversion::test_locked_key_type_mismatch_rejected,1,R5a,ported,r2-pkcs11 tests::objects::locked_key_type_mismatch_rejected,
tests/unit/pkcs11/test_provider_objects.py::TestTemplateConversion::test_import_defaults_exportable_when_template_silent,1,R5a,ported,r2-pkcs11 tests::objects::import_defaults_exportable_when_template_silent,
tests/unit/pkcs11/test_provider_objects.py::TestTemplateConversion::test_vendor_attribute_byte_encoded,1,R5a,ported,r2-pkcs11 tests::objects::vendor_attribute_byte_encoded,
tests/unit/pkcs11/test_provider_objects.py::TestTemplateConversion::test_certificate_template_drops_key_type,1,R5a,ported,r2-pkcs11 tests::objects::certificate_template_drops_key_type,
tests/unit/pkcs11/test_provider_objects.py::TestKeyManagement::test_generate_aes_passes_value_len,1,R5a,ported,r2-pkcs11 tests::objects::generate_aes_passes_value_len,
tests/unit/pkcs11/test_provider_objects.py::TestKeyManagement::test_generate_aes_requires_size,1,R5a,ported,r2-pkcs11 tests::objects::generate_aes_requires_size,
tests/unit/pkcs11/test_provider_objects.py::TestKeyManagement::test_generate_keypair_shares_label_and_id,1,R5a,ported,r2-pkcs11 tests::objects::generate_keypair_shares_label_and_id,
tests/unit/pkcs11/test_provider_objects.py::TestKeyManagement::test_generate_ec_curve_checks,1,R5a,ported,r2-pkcs11 tests::objects::generate_ec_curve_checks,
tests/unit/pkcs11/test_provider_objects.py::TestKeyManagement::test_generate_ec_injects_params_into_public_template,1,R5a,ported,r2-pkcs11 tests::objects::generate_ec_injects_params_into_public_template,
tests/unit/pkcs11/test_provider_objects.py::TestKeyManagement::test_generate_honors_template_id,1,R5a,ported,r2-pkcs11 tests::objects::generate_honors_template_id,
tests/unit/pkcs11/test_provider_objects.py::TestKeyManagement::test_generate_explicit_id_conflicting_with_template_rejected,1,R5a,ported,r2-pkcs11 tests::objects::generate_explicit_id_conflicting_with_template_rejected,
tests/unit/pkcs11/test_provider_objects.py::TestKeyManagement::test_generate_explicit_id_agreeing_with_template_ok,1,R5a,ported,r2-pkcs11 tests::objects::generate_explicit_id_agreeing_with_template_ok,
tests/unit/pkcs11/test_provider_objects.py::TestKeyManagement::test_generate_keypair_shares_template_id,1,R5a,ported,r2-pkcs11 tests::objects::generate_keypair_shares_template_id,
tests/unit/pkcs11/test_provider_objects.py::TestKeyManagement::test_generate_keypair_templates_disagreeing_on_id_rejected,1,R5a,ported,r2-pkcs11 tests::objects::generate_keypair_templates_disagreeing_on_id_rejected,
tests/unit/pkcs11/test_provider_objects.py::TestKeyManagement::test_generate_template_label_overrides_argument,1,R5a,ported,r2-pkcs11 tests::objects::generate_template_label_overrides_argument,
tests/unit/pkcs11/test_provider_objects.py::TestKeyManagement::test_import_honors_template_id,1,R5a,ported,r2-pkcs11 tests::objects::import_honors_template_id,
tests/unit/pkcs11/test_provider_objects.py::TestKeyManagement::test_unwrap_honors_template_id,1,R5b,ported,r2-pkcs11 tests::wrap_kek::unwrap_honors_template_id,moved from the R5a test file: exercises R5b-owned provider code (unwrap)
tests/unit/pkcs11/test_provider_objects.py::TestKeyManagement::test_find_ambiguity_and_delete,1,R5a,ported,r2-pkcs11 tests::objects::find_ambiguity_and_delete,
tests/unit/pkcs11/test_provider_objects.py::TestKeyManagement::test_keypair_family_prefers_private,1,R5a,ported,r2-pkcs11 tests::objects::keypair_family_prefers_private,
tests/unit/pkcs11/test_provider_objects.py::TestKeyManagement::test_find_key_class_selector_targets_half,1,R5a,ported,r2-pkcs11 tests::objects::find_key_class_selector_targets_half,
tests/unit/pkcs11/test_provider_objects.py::TestKeyManagement::test_find_key_handle_selects_among_identical_objects,1,R5a,ported,r2-pkcs11 tests::objects::find_key_handle_selects_among_identical_objects,
tests/unit/pkcs11/test_provider_objects.py::TestKeyManagement::test_key_info_handle_is_a_plain_int,1,R5a,ported,r2-pkcs11 tests::objects::key_info_carries_the_numeric_handle,Option<u64> by type; port as 'every KeyInfo from import/list_keys carries Some(handle)'
tests/unit/pkcs11/test_provider_objects.py::TestKeyManagement::test_handle_value_uses_swig_accessor_never_repr,1,R5a,n/a:pykcs11-repr-hazard,,PyKCS11 handle repr/coercion hazard; KeyInfo.handle is Option<u64> (PLAN §5); SWIG .value() vs __repr__ (Utimaco)
tests/unit/pkcs11/test_provider_objects.py::TestKeyManagement::test_rsa_raw_decrypt_with_public_key_runs_in_software,1,R5b,ported,r2-pkcs11 tests::verbs::rsa_raw_decrypt_with_public_key_runs_in_software,moved from the R5a test file: exercises R5b-owned provider code (public-key RSA-RAW software fallback)
tests/unit/pkcs11/test_provider_objects.py::TestKeyManagement::test_export_refused_for_non_exportable,1,R5a,ported,r2-pkcs11 tests::objects::export_refused_for_non_exportable,
tests/unit/pkcs11/test_provider_objects.py::TestCkrMapping::test_mechanism_invalid_maps_to_unsupported,1,R5b,ported,r2-pkcs11 tests::verbs::mechanism_invalid_maps_to_unsupported,moved from the R5a test file: exercises R5b-owned provider code (encrypt path; CKR table itself is R5a)
tests/unit/pkcs11/test_provider_objects.py::TestCkrMapping::test_attribute_invalid_maps_to_pkcs11error,1,R5a,ported,r2-pkcs11 tests::ckr::attribute_invalid_maps_to_pkcs11error,
tests/unit/pkcs11/test_provider_objects.py::TestCkrMapping::test_user_not_logged_in_maps_to_auth_required,1,R5a,ported,r2-pkcs11 tests::ckr::user_not_logged_in_maps_to_auth_required,
tests/unit/pkcs11/test_provider_objects.py::TestCkrMapping::test_unknown_ckr_keeps_code_and_name,1,R5a,ported,r2-pkcs11 tests::ckr::unknown_ckr_keeps_code_and_name,
tests/unit/pkcs11/test_provider_objects.py::TestCkrMapping::test_key_handle_invalid_message,1,R5a,ported,r2-pkcs11 tests::ckr::key_handle_invalid_message,
tests/unit/pkcs11/test_provider_objects.py::TestCustomMechanisms::test_custom_ckm_advertised,1,R5a,ported,r2-pkcs11 tests::capability::custom_ckm_advertised,"custom ckm->id merge in mechanisms()/supports() (capability.rs, spec §4.1.1)"
tests/unit/pkcs11/test_provider_objects.py::TestCustomMechanisms::test_custom_ckm_not_advertised_without_token_support,1,R5a,ported,r2-pkcs11 tests::capability::custom_ckm_not_advertised_without_token_support,"custom ckm->id merge in mechanisms() (capability.rs, spec §4.1.1)"
tests/unit/pkcs11/test_provider_objects.py::TestCustomMechanisms::test_custom_dispatch_uses_raw_ckm,1,R5b,ported,r2-pkcs11 tests::verbs::custom_dispatch_uses_raw_ckm,moved from the R5a test file: exercises R5b-owned provider code (raw packer dispatch)
tests/unit/pkcs11/test_provider_objects.py::TestCustomMechanisms::test_unadvertised_mechanism_rejected,1,R5b,ported,r2-pkcs11 tests::verbs::unadvertised_mechanism_rejected,moved from the R5a test file: exercises R5b-owned provider code (encrypt path)
tests/unit/pkcs11/test_provider_objects.py::TestWrapUnwrap::test_wrap_pad_prefers_kwp_when_advertised,1,R5b,ported,r2-pkcs11 tests::wrap_kek::wrap_pad_prefers_kwp_when_advertised,moved from the R5a test file: exercises R5b-owned provider code (KWP preference)
tests/unit/pkcs11/test_provider_objects.py::TestWrapUnwrap::test_wrap_pad_uses_pad_ckm_when_kwp_absent,1,R5b,ported,r2-pkcs11 tests::wrap_kek::wrap_pad_uses_pad_ckm_when_kwp_absent,moved from the R5a test file: exercises R5b-owned provider code (KWP preference)
tests/unit/pkcs11/test_provider_objects.py::TestWrapUnwrap::test_wrap_unwrap_round_trip,1,R5b,ported,r2-pkcs11 tests::wrap_kek::wrap_unwrap_round_trip,moved from the R5a test file: exercises R5b-owned provider code (wrap/unwrap)
tests/unit/pkcs11/test_provider_objects.py::TestWrapUnwrap::test_wrap_refuses_unextractable_target,1,R5b,ported,r2-pkcs11 tests::wrap_kek::wrap_refuses_unextractable_target,moved from the R5a test file: exercises R5b-owned provider code (wrap/unwrap)
tests/unit/pkcs11/test_provider_objects.py::TestDerive::test_derive_extractable_returns_raw,1,R5b,ported,r2-pkcs11 tests::verbs::derive_extractable_returns_raw,moved from the R5a test file: exercises R5b-owned provider code (derive)
tests/unit/pkcs11/test_provider_objects.py::TestDerive::test_derive_degrades_to_resident_key_when_forbidden,1,R5b,ported,r2-pkcs11 tests::verbs::derive_degrades_to_resident_key_when_forbidden,moved from the R5a test file: exercises R5b-owned provider code (derive resident fallback)
tests/unit/pkcs11/test_provider_objects.py::TestTwinSafety::test_delete_with_twins_and_stale_handle_raises_and_destroys_nothing,2,R5a,ported,r2-pkcs11 tests::objects::delete_with_twins_and_stale_handle_raises_and_destroys_nothing,
tests/unit/pkcs11/test_provider_objects.py::TestTwinSafety::test_delete_with_twins_targets_selected_twin,1,R5a,ported,r2-pkcs11 tests::objects::delete_with_twins_targets_selected_twin,
tests/unit/pkcs11/test_provider_objects.py::TestTwinSafety::test_export_with_twins_returns_selected_twins_value,1,R5a,ported,r2-pkcs11 tests::objects::export_with_twins_returns_selected_twins_value,
tests/unit/pkcs11/test_provider_objects.py::TestTwinSafety::test_sign_with_twins_uses_selected_twin,1,R5b,ported,r2-pkcs11 tests::verbs::sign_with_twins_uses_selected_twin,moved from the R5a test file: exercises R5b-owned provider code (sign; twin targeting itself is R5a)
tests/unit/pkcs11/test_provider_objects.py::TestTwinSafety::test_single_match_with_stale_handle_still_succeeds,1,R5a,ported,r2-pkcs11 tests::objects::single_match_with_stale_handle_still_succeeds,
tests/unit/pkcs11/test_provider_objects.py::TestTwinSafety::test_twin_ambiguity_lists_handle_suffixed_candidates,1,R5a,ported,r2-pkcs11 tests::objects::twin_ambiguity_lists_handle_suffixed_candidates,
tests/unit/pkcs11/test_provider_objects.py::TestDuplicateGuard::test_import_duplicate_identity_refused,1,R5a,ported,r2-pkcs11 tests::objects::import_duplicate_identity_refused,
tests/unit/pkcs11/test_provider_objects.py::TestDuplicateGuard::test_import_same_label_different_id_allowed,1,R5a,ported,r2-pkcs11 tests::objects::import_same_label_different_id_allowed,
tests/unit/pkcs11/test_provider_objects.py::TestDuplicateGuard::test_generate_over_existing_identity_refused,1,R5a,ported,r2-pkcs11 tests::objects::generate_over_existing_identity_refused,
tests/unit/pkcs11/test_provider_objects.py::TestDuplicateGuard::test_generate_keypair_over_existing_half_refused_atomically,1,R5a,ported,r2-pkcs11 tests::objects::generate_keypair_over_existing_half_refused_atomically,
tests/unit/pkcs11/test_provider_objects.py::TestDuplicateGuard::test_keypair_and_certificates_may_share_identity,1,R5a,ported,r2-pkcs11 tests::objects::keypair_and_certificates_may_share_identity,
tests/unit/pkcs11/test_provider_objects.py::TestDuplicateGuard::test_unwrap_duplicate_identity_refused,1,R5b,ported,r2-pkcs11 tests::wrap_kek::unwrap_duplicate_identity_refused,moved from the R5a test file: exercises R5b-owned provider code (unwrap; guard itself is R5a)
tests/unit/pkcs11/test_provider_objects.py::TestReadFullTemplate::test_full_dump_covers_catalog_and_identity,1,R5b,ported,r2-pkcs11 tests::edit::full_dump_covers_catalog_and_identity,moved from the R5a test file: exercises R5b-owned provider code (read_full_template)
tests/unit/pkcs11/test_provider_objects.py::TestReadFullTemplate::test_full_dump_skips_refused_value_on_sensitive_key,1,R5b,ported,r2-pkcs11 tests::edit::full_dump_skips_refused_value_on_sensitive_key,moved from the R5a test file: exercises R5b-owned provider code (read_full_template)
tests/unit/pkcs11/test_provider_objects.py::TestReadFullTemplate::test_full_dump_includes_vendor_attr,1,R5b,ported,r2-pkcs11 tests::edit::full_dump_includes_vendor_attr,moved from the R5a test file: exercises R5b-owned provider code (read_full_template)
tests/unit/pkcs11/test_provider_session.py::TestInitialize::test_load_failure_is_provider_unavailable,1,R5a,ported,r2-pkcs11 tests::session::load_failure_is_provider_unavailable,
tests/unit/pkcs11/test_provider_session.py::TestInitialize::test_wrong_library_path,1,R5a,ported,r2-pkcs11 tests::session::wrong_library_path,
tests/unit/pkcs11/test_provider_session.py::TestInitialize::test_idempotent,1,R5a,ported,r2-pkcs11 tests::session::idempotent,
tests/unit/pkcs11/test_provider_session.py::TestInitialize::test_instance_env_applied_before_load,1,R5a,ported,r2-pkcs11 tests::session::instance_env_applied_before_load,
tests/unit/pkcs11/test_provider_session.py::TestInitialize::test_shutdown_safe_when_never_initialized,1,R5a,ported,r2-pkcs11 tests::session::shutdown_safe_when_never_initialized,
tests/unit/pkcs11/test_provider_session.py::TestLogin::test_status_and_token_enumeration,1,R5a,ported,r2-pkcs11 tests::session::status_and_token_enumeration ; r2-pkcs11 tests::session::raw_token_info_ignores_a_blank_utc_time,raw C_GetTokenInfo: utcTime never parsed (PyKCS11 parity)
tests/unit/pkcs11/test_provider_session.py::TestLogin::test_login_logout_cycle,1,R5a,ported,r2-pkcs11 tests::session::login_logout_cycle,
tests/unit/pkcs11/test_provider_session.py::TestLogin::test_wrong_pin,1,R5a,ported,r2-pkcs11 tests::session::wrong_pin,
tests/unit/pkcs11/test_provider_session.py::TestLogin::test_pin_locked,1,R5a,ported,r2-pkcs11 tests::session::pin_locked,
tests/unit/pkcs11/test_provider_session.py::TestLogin::test_already_logged_in_provider_state,1,R5a,ported,r2-pkcs11 tests::session::already_logged_in_provider_state,
tests/unit/pkcs11/test_provider_session.py::TestLogin::test_raw_ckr_user_already_logged_in_swallowed,1,R5a,ported,r2-pkcs11 tests::session::raw_ckr_user_already_logged_in_swallowed,
tests/unit/pkcs11/test_provider_session.py::TestLogin::test_logout_keeps_session_reusable,1,R5a,ported,r2-pkcs11 tests::session::logout_keeps_session_reusable,
tests/unit/pkcs11/test_provider_session.py::TestLogin::test_single_token_rule_closes_previous_session,1,R5a,ported,r2-pkcs11 tests::session::single_token_rule_closes_previous_session,
tests/unit/pkcs11/test_provider_session.py::TestRecovery::test_keep_pin_recovers_and_retries_once,1,R5a,ported,r2-pkcs11 tests::session::keep_pin_recovers_and_retries_once,
tests/unit/pkcs11/test_provider_session.py::TestRecovery::test_without_keep_pin_drops_to_logged_out,1,R5a,ported,r2-pkcs11 tests::session::without_keep_pin_drops_to_logged_out,
tests/unit/pkcs11/test_provider_session.py::TestRecovery::test_second_failure_drops_even_with_keep_pin,1,R5a,ported,r2-pkcs11 tests::session::second_failure_drops_even_with_keep_pin,
tests/unit/pkcs11/test_provider_session.py::TestRecovery::test_recovery_fails_when_token_gone,1,R5a,ported,r2-pkcs11 tests::session::recovery_fails_when_token_gone,
tests/unit/pkcs11/test_provider_session.py::TestShutdown::test_shutdown_clears_everything,1,R5a,ported,r2-pkcs11 tests::session::shutdown_clears_everything,
tests/unit/pkcs11/test_provider_session.py::TestLoginFailureHygiene::test_failed_login_closes_fresh_session,1,R5a,ported,r2-pkcs11 tests::session::failed_login_closes_fresh_session,
tests/unit/pkcs11/test_provider_session.py::TestLoginFailureHygiene::test_mechanism_list_failure_leaves_consistent_state,1,R5a,ported,r2-pkcs11 tests::session::mechanism_list_failure_leaves_consistent_state,
tests/unit/pkcs11/test_provider_session.py::TestInitToken::test_init_token_pads_label_and_sets_user_pin,1,R5a,ported,r2-pkcs11 tests::session::init_token_pads_label_and_sets_user_pin,
tests/unit/pkcs11/test_softhsm_detect.py::test_env_override_wins,1,R5a,ported,r2-pkcs11 tests::softhsm_detect::env_override_wins,
tests/unit/pkcs11/test_softhsm_detect.py::test_env_override_missing_never_falls_through,1,R5a,ported,r2-pkcs11 tests::softhsm_detect::env_override_missing_never_falls_through,
tests/unit/pkcs11/test_softhsm_detect.py::test_first_existing_search_path,1,R5a,ported,r2-pkcs11 tests::softhsm_detect::first_existing_search_path,
tests/unit/pkcs11/test_softhsm_detect.py::test_nothing_found,1,R5a,ported,r2-pkcs11 tests::softhsm_detect::nothing_found,
tests/unit/pkcs11/test_wrap_kek.py::TestWrapMechanismBranches::test_cbc_picks_pad_ckm_by_the_padding_param,1,R5b,ported,r2-pkcs11 tests::wrap_kek::cbc_picks_pad_ckm_by_the_padding_param,
tests/unit/pkcs11/test_wrap_kek.py::TestWrapMechanismBranches::test_cbc_defaults_to_pkcs7,1,R5b,ported,r2-pkcs11 tests::wrap_kek::cbc_defaults_to_pkcs7,
tests/unit/pkcs11/test_wrap_kek.py::TestWrapMechanismBranches::test_cbc_passes_the_iv_as_the_mechanism_parameter,1,R5b,ported,r2-pkcs11 tests::wrap_kek::cbc_passes_the_iv_as_the_mechanism_parameter,
tests/unit/pkcs11/test_wrap_kek.py::TestWrapMechanismBranches::test_gcm_builds_the_gcm_params,1,R5b,ported,r2-pkcs11 tests::wrap_kek::gcm_builds_the_gcm_params,
tests/unit/pkcs11/test_wrap_kek.py::TestWrapMechanismBranches::test_rsa_pkcs1_is_the_bare_ckm,1,R5b,ported,r2-pkcs11 tests::wrap_kek::rsa_pkcs1_is_the_bare_ckm,
tests/unit/pkcs11/test_wrap_kek.py::TestWrapMechanismBranches::test_missing_ckm_raises_unsupported,1,R5b,ported,r2-pkcs11 tests::wrap_kek::missing_ckm_raises_unsupported,
tests/unit/pkcs11/test_wrap_kek.py::TestWrapMechanismBranches::test_a_non_wrap_mechanism_is_still_refused,1,R5b,ported,r2-pkcs11 tests::wrap_kek::a_non_wrap_mechanism_is_still_refused,
tests/unit/pkcs11/test_wrap_kek.py::TestRoundTrips::test_aes_kek_round_trip,2,R5b,ported,r2-pkcs11 tests::wrap_kek::aes_kek_round_trip,
tests/unit/pkcs11/test_wrap_kek.py::TestRoundTrips::test_rsa_pkcs1_round_trip,1,R5b,ported,r2-pkcs11 tests::wrap_kek::rsa_pkcs1_round_trip,
tests/unit/pkcs11/test_wrap_kek.py::TestValueLenInjection::test_injected_for_gcm,1,R5b,ported,r2-pkcs11 tests::wrap_kek::value_len_injected_for_gcm,
tests/unit/pkcs11/test_wrap_kek.py::TestValueLenInjection::test_injected_for_cbc_without_padding,1,R5b,ported,r2-pkcs11 tests::wrap_kek::value_len_injected_for_cbc_without_padding,
tests/unit/pkcs11/test_wrap_kek.py::TestValueLenInjection::test_not_injected_when_the_length_is_unknowable,1,R5b,ported,r2-pkcs11 tests::wrap_kek::value_len_not_injected_when_the_length_is_unknowable,
tests/unit/pkcs11/test_wrap_kek.py::TestValueLenInjection::test_injected_for_every_valid_aes_size,1,R5b,ported,r2-pkcs11 tests::wrap_kek::value_len_injected_for_every_valid_aes_size,
tests/unit/pkcs11/test_wrap_kek.py::TestValueLenInjection::test_not_injected_for_a_non_aes_length,1,R5b,ported,r2-pkcs11 tests::wrap_kek::value_len_not_injected_for_a_non_aes_length,
tests/unit/pkcs11/test_wrap_kek.py::TestValueLenInjection::test_operator_template_row_wins,1,R5b,ported,r2-pkcs11 tests::wrap_kek::value_len_operator_template_row_wins,
tests/unit/pkcs11/test_wrap_kek.py::TestValueLenInjection::test_private_results_never_get_a_value_len,1,R5b,ported,r2-pkcs11 tests::wrap_kek::value_len_private_results_never_get_one,
tests/unit/pkcs11/test_wrap_kek.py::TestValueLenInjection::test_retries_once_without_value_len_when_the_token_objects,1,R5b,ported,r2-pkcs11 tests::wrap_kek::value_len_retried_once_without_when_the_token_objects,
tests/unit/services/test_certops.py::test_certificate_details_rows,1,R6,ported,r2-core::x509info test_certificate_details_rows ; r2-core::x509info certificate_details_formats_serial_and_validity_like_pyca,certificate_details moved to R6 (spec §4.1.1): r2_core::x509info
tests/unit/services/test_certops.py::test_certificate_details_garbage,1,R6,ported,r2-core::x509info test_certificate_details_garbage,certificate_details moved to R6 (spec §4.1.1): r2_core::x509info
tests/unit/services/test_certops.py::test_find_certificate_prefers_shared_id_over_label,1,R8,ported,r2-services::certops test_find_certificate_prefers_shared_id_over_label,
tests/unit/services/test_certops.py::test_find_certificate_by_label_when_no_id_match,1,R8,ported,r2-services::certops test_find_certificate_by_label_when_no_id_match,
tests/unit/services/test_certops.py::test_find_certificate_none,1,R8,ported,r2-services::certops test_find_certificate_none,
tests/unit/services/test_certops.py::test_pkcs12_with_provider_certificate,1,R8,ported,r2-services::certops test_pkcs12_with_provider_certificate,
tests/unit/services/test_certops.py::test_pkcs12_missing_cert_builds_self_signed,1,R8,ported,r2-services::certops test_pkcs12_missing_cert_builds_self_signed,
tests/unit/services/test_certops.py::test_pkcs12_explicit_cert_der_wins,1,R8,ported,r2-services::certops test_pkcs12_explicit_cert_der_wins,
tests/unit/services/test_certops.py::test_pkcs12_non_exportable_key_refused_before_export,1,R8,ported,r2-services::certops test_pkcs12_non_exportable_key_refused_before_export,
tests/unit/services/test_certops.py::test_pkcs12_needs_a_private_key,1,R8,ported,r2-services::certops test_pkcs12_needs_a_private_key,
tests/unit/services/test_certops.py::test_pkcs12_empty_password_rejected,1,R8,ported,r2-services::certops test_pkcs12_empty_password_rejected,
tests/unit/services/test_certops.py::test_rs_to_der_round_trip,1,R6,ported,r2-core::der test_rs_to_der_round_trip,ecdsa_rs_to_der moved to R6 (spec §4.1.1): r2_core::der
tests/unit/services/test_certops.py::test_rs_to_der_rejects_non_even_input,2,R6,ported,r2-core::der test_rs_to_der_rejects_non_even_input,ecdsa_rs_to_der moved to R6 (spec §4.1.1): r2_core::der
tests/unit/services/test_certops.py::test_csr_ecdsa_signature_is_der_converted_rs,1,R8,ported,r2-services::certops test_csr_ecdsa_signature_is_der_converted_rs,
tests/unit/services/test_certops.py::test_csr_ecdsa_real_crypto_verifies,1,R8,ported,r2-services::certops test_csr_ecdsa_real_crypto_verifies,
tests/unit/services/test_certops.py::test_csr_rsa_real_crypto_verifies,1,R8,ported,r2-services::certops test_csr_rsa_real_crypto_verifies,
tests/unit/services/test_certops.py::test_csr_ed25519_real_crypto_verifies,1,R8,ported,r2-services::certops test_csr_ed25519_real_crypto_verifies,
tests/unit/services/test_certops.py::test_csr_hash_choices_enforced,1,R8,ported,r2-services::certops test_csr_hash_choices_enforced,
tests/unit/services/test_certops.py::test_csr_needs_private_key,1,R8,ported,r2-services::certops test_csr_needs_private_key,
tests/unit/services/test_certops.py::test_csr_montgomery_keys_unsupported,1,R8,ported,r2-services::certops test_csr_montgomery_keys_unsupported,
tests/unit/services/test_certops.py::test_csr_invalid_subject_is_param_error,1,R8,ported,r2-services::certops test_csr_invalid_subject_is_param_error,
tests/unit/services/test_keyexport.py::test_refusal_message_and_hint,1,R8,ported,r2-services::keyexport test_refusal_message_and_hint,
tests/unit/services/test_keyexport.py::test_refusal_applies_to_secret_keys_too,1,R8,ported,r2-services::keyexport test_refusal_applies_to_secret_keys_too,
tests/unit/services/test_keyexport.py::test_secret_auto_is_raw_bytes,1,R8,ported,r2-services::keyexport test_secret_auto_is_raw_bytes,
tests/unit/services/test_keyexport.py::test_secret_rejects_pem,1,R8,ported,r2-services::keyexport test_secret_rejects_pem,
tests/unit/services/test_keyexport.py::test_private_auto_is_pem_pkcs8,1,R6,ported,r2-core::formats test_private_auto_is_pem_pkcs8,keyexport serializer moved to R6 (spec §4.1.1): port the byte assertions against r2_core::formats; the export_bytes format-resolution part is R8's keyexport dispatch (private_key_bytes)
tests/unit/services/test_keyexport.py::test_private_der_round_trips,1,R6,ported,r2-core::formats test_private_der_round_trips,keyexport serializer moved to R6 (spec §4.1.1): port the byte assertions against r2_core::formats; the export_bytes format-resolution part is R8's keyexport dispatch (private_key_bytes)
tests/unit/services/test_keyexport.py::test_private_password_encrypts_pkcs8,1,R6,ported,r2-core::formats test_private_password_encrypts_pkcs8,"keyexport serializer moved to R6 (spec §4.1.1): port the byte assertions against r2_core::formats; the export_bytes format-resolution part is R8's keyexport dispatch (private_key_bytes, encrypted PKCS#8)"
tests/unit/services/test_keyexport.py::test_private_raw_rejected,1,R8,ported,r2-services::keyexport test_private_raw_rejected,
tests/unit/services/test_keyexport.py::test_public_auto_is_pem_spki,1,R6,ported,r2-core::formats test_public_auto_is_pem_spki,keyexport serializer moved to R6 (spec §4.1.1): port the byte assertions against r2_core::formats; the export_bytes format-resolution part is R8's keyexport dispatch (public_key_bytes)
tests/unit/services/test_keyexport.py::test_public_rejects_password,1,R8,ported,r2-services::keyexport test_public_rejects_password,
tests/unit/services/test_keyexport.py::test_public_flag_rejects_password,1,R8,ported,r2-services::keyexport test_public_flag_rejects_password,
tests/unit/services/test_keyexport.py::test_secret_raw_rejects_password,1,R8,ported,r2-services::keyexport test_secret_raw_rejects_password,
tests/unit/services/test_keyexport.py::test_certificate_rejects_password,1,R8,ported,r2-services::keyexport test_certificate_rejects_password,
tests/unit/services/test_keyexport.py::test_certificate_pem_and_der,1,R6,ported,r2-core::formats test_certificate_pem_and_der,keyexport serializer moved to R6 (spec §4.1.1): port the byte assertions against r2_core::formats; the export_bytes format-resolution part is R8's keyexport dispatch (certificate_bytes)
tests/unit/services/test_keyexport.py::test_p12_format_is_not_handled_here,1,R8,ported,r2-services::keyexport test_p12_format_is_not_handled_here,
tests/unit/services/test_keyexport.py::test_unknown_format_rejected,1,R8,ported,r2-services::keyexport test_unknown_format_rejected,
tests/unit/services/test_keyexport.py::test_public_flag_prefers_public_object_sharing_id,1,R8,ported,r2-services::keyexport test_public_flag_prefers_public_object_sharing_id,
tests/unit/services/test_keyexport.py::test_public_flag_falls_back_to_certificate,1,R8,ported,r2-services::keyexport test_public_flag_falls_back_to_certificate,
tests/unit/services/test_keyexport.py::test_public_flag_derives_spki_from_exportable_private,1,R8,ported,r2-services::keyexport test_public_flag_derives_spki_from_exportable_private,
tests/unit/services/test_keyexport.py::test_public_flag_without_any_public_part,1,R8,ported,r2-services::keyexport test_public_flag_without_any_public_part,
tests/unit/services/test_keyexport.py::test_public_flag_on_secret_key_unsupported,1,R8,ported,r2-services::keyexport test_public_flag_on_secret_key_unsupported,
tests/unit/services/test_keyexport.py::test_public_flag_rejects_raw,1,R8,ported,r2-services::keyexport test_public_flag_rejects_raw,
tests/unit/services/test_keyexport.py::test_write_output_writes_bytes,1,R8,ported,r2-services::keyexport test_write_output_writes_bytes,
tests/unit/services/test_keyexport.py::test_write_output_failure_is_dataioerror,1,R8,ported,r2-services::keyexport test_write_output_failure_is_dataioerror,
tests/unit/services/test_keyexport.py::test_ambiguous_label_raises_from_find_key,1,R8,ported,r2-services::keyexport test_ambiguous_label_raises_from_find_key,
tests/unit/services/test_keyexport.py::test_key_info_export_matches_class,1,R8,ported,r2-services::keyexport test_key_info_export_matches_class,
tests/unit/services/test_keyload.py::test_read_key_file_missing_path_raises_dataioerror,1,R8,ported,r2-services::keyload test_read_key_file_missing_path_raises_dataioerror,
tests/unit/services/test_keyload.py::test_parse_materials_raw_aes,1,R8,ported,r2-services::keyload test_parse_materials_raw_aes,
tests/unit/services/test_keyload.py::test_parse_materials_pem_private_key,1,R8,ported,r2-services::keyload test_parse_materials_pem_private_key,
tests/unit/services/test_keyload.py::test_parse_materials_hint_mismatch,1,R8,ported,r2-services::keyload test_parse_materials_hint_mismatch,
tests/unit/services/test_keyload.py::test_parse_materials_encrypted_pem_prompts_password_once,1,R8,ported,r2-services::keyload test_parse_materials_encrypted_pem_prompts_password_once,
tests/unit/services/test_keyload.py::test_parse_materials_explicit_password_never_prompts,1,R8,ported,r2-services::keyload test_parse_materials_explicit_password_never_prompts,
tests/unit/services/test_keyload.py::test_parse_materials_wrong_password,1,R8,ported,r2-services::keyload test_parse_materials_wrong_password,
tests/unit/services/test_keyload.py::test_resolve_label_explicit_wins_over_hint,1,R8,ported,r2-services::keyload test_resolve_label_explicit_wins_over_hint,
tests/unit/services/test_keyload.py::test_resolve_label_uses_material_hint,1,R8,ported,r2-services::keyload test_resolve_label_uses_material_hint,
tests/unit/services/test_keyload.py::test_resolve_label_prompts_when_nothing_known,1,R8,ported,r2-services::keyload test_resolve_label_prompts_when_nothing_known,
tests/unit/services/test_keyload.py::test_resolve_label_rejects_empty,2,R8,ported,r2-services::keyload test_resolve_label_rejects_empty,
tests/unit/services/test_keyload.py::test_import_into_memory_skips_template_editor,1,R8,ported,r2-services::keyload test_import_into_memory_skips_template_editor,
tests/unit/services/test_keyload.py::test_import_into_pkcs11_opens_editor_and_applies_template,1,R8,ported,r2-services::keyload test_import_into_pkcs11_opens_editor_and_applies_template,
tests/unit/services/test_keyload.py::test_import_editor_result_wins,1,R8,ported,r2-services::keyload test_import_editor_result_wins,
tests/unit/services/test_keyload.py::test_import_pkcs12_members_share_generated_key_id,1,R8,ported,r2-services::keyload test_import_pkcs12_members_share_generated_key_id,
tests/unit/services/test_keyload.py::test_import_explicit_key_id_is_used_verbatim,1,R8,ported,r2-services::keyload test_import_explicit_key_id_is_used_verbatim,
tests/unit/services/test_keyload.py::test_import_records_template_in_provider_calls,1,R8,ported,r2-services::keyload test_import_records_template_in_provider_calls,
tests/unit/services/test_keyload.py::test_pkcs8_der_material_parses_and_imports,1,R8,ported,r2-services::keyload test_pkcs8_der_material_parses_and_imports,
tests/unit/services/test_keyload.py::test_make_templates_helper_yields_default_template,1,R8,ported,r2-services::keyload test_make_templates_helper_yields_default_template,
tests/unit/services/test_keyload.py::test_import_seed_template_section_replaces_defaults,1,R14,ported,r2-services::templatefile test_import_seed_template_section_replaces_defaults,--template seeding (seed_templates) needs templatefile::build_seed (R14); R14 ports it into its own test file
tests/unit/services/test_keyload.py::test_import_pkcs12_picks_section_per_material,1,R14,ported,r2-services::templatefile test_import_pkcs12_picks_section_per_material,--template seeding (seed_templates) needs templatefile::build_seed (R14); R14 ports it into its own test file
tests/unit/services/test_objects_services.py::test_generic_and_data_hints_are_verbatim,1,R8,ported,r2-services::keyload test_generic_and_data_hints_are_verbatim,
tests/unit/services/test_objects_services.py::test_editor_titles_and_data_import,1,R8,ported,r2-services::keyload test_editor_titles_and_data_import,
tests/unit/services/test_objects_services.py::test_export_bytes_data_object_is_raw_only,1,R8,ported,r2-services::keyexport test_export_bytes_data_object_is_raw_only,
tests/unit/services/test_objects_services.py::test_export_and_wrap_refuse_unmodelled_key_types,1,R15,ported,r2-services::wrapload test_export_and_wrap_refuse_unmodelled_key_types,wrapload::refuse_non_wrappable (R15); also asserts the keyexport refusal (R8)
tests/unit/services/test_objects_services.py::test_copy_data_object_takes_the_plain_route,1,R10,ported,r2-services::transfer test_copy_data_object_takes_the_plain_route,transfer part
tests/unit/services/test_objects_services.py::test_copy_seeds_data_extras_into_the_editor,1,R10,ported,r2-services transfer::tests::test_copy_seeds_data_extras_into_the_editor ; r2-services::transfer copy_of_a_data_object_carries_its_extras_into_the_editor_seed,transfer part
tests/unit/services/test_objects_services.py::test_copy_certificate_round_trip_is_plain_material,1,R10,ported,r2-services::transfer test_copy_certificate_round_trip_is_plain_material,transfer part
tests/unit/services/test_objects_services.py::test_copy_refuses_unmodelled_key_types,1,R10,ported,r2-services::transfer test_copy_refuses_unmodelled_key_types,transfer part
tests/unit/services/test_objects_services.py::test_wrapload_generic_hint_and_data_refusal,1,R15,ported,r2-services::wrapload test_wrapload_generic_hint_and_data_refusal,wrapload part
tests/unit/services/test_templatefile.py::test_dump_load_round_trip,1,R14,ported,r2-services::templatefile test_dump_load_round_trip,
tests/unit/services/test_templatefile.py::test_dump_writes_per_kind_yaml_scalars,1,R14,ported,r2-services::templatefile test_dump_writes_per_kind_yaml_scalars,
tests/unit/services/test_templatefile.py::test_dump_write_failure_raises_dataioerror,1,R14,ported,r2-services::templatefile test_dump_write_failure_raises_dataioerror,
tests/unit/services/test_templatefile.py::test_load_missing_file_raises_dataioerror,1,R14,ported,r2-services::templatefile test_load_missing_file_raises_dataioerror,
tests/unit/services/test_templatefile.py::test_load_malformed_yaml_raises_paramerror,1,R14,ported,r2-services::templatefile test_load_malformed_yaml_raises_paramerror,
tests/unit/services/test_templatefile.py::test_load_without_sections_raises_paramerror,3,R14,ported,r2-services::templatefile test_load_without_sections_raises_paramerror,
tests/unit/services/test_templatefile.py::test_load_unknown_section_raises_paramerror,1,R14,ported,r2-services::templatefile test_load_unknown_section_raises_paramerror,
tests/unit/services/test_templatefile.py::test_load_non_mapping_section_raises_paramerror,1,R14,ported,r2-services::templatefile test_load_non_mapping_section_raises_paramerror,
tests/unit/services/test_templatefile.py::test_load_unknown_attribute_hints_custom_attributes,1,R14,ported,r2-services::templatefile test_load_unknown_attribute_hints_custom_attributes,
tests/unit/services/test_templatefile.py::test_load_custom_attribute_kind_comes_from_config,1,R14,ported,r2-services::templatefile test_load_custom_attribute_kind_comes_from_config,
tests/unit/services/test_templatefile.py::test_load_value_kind_mismatch_raises_paramerror,6,R14,ported,r2-services::templatefile test_load_value_kind_mismatch_raises_paramerror,
tests/unit/services/test_templatefile.py::test_build_seed_without_file_returns_defaults,1,R14,ported,r2-services::templatefile test_build_seed_without_file_returns_defaults,
tests/unit/services/test_templatefile.py::test_build_seed_missing_section_falls_back_to_defaults,1,R14,ported,r2-services::templatefile test_build_seed_missing_section_falls_back_to_defaults,
tests/unit/services/test_templatefile.py::test_build_seed_uses_matching_section,1,R14,ported,r2-services::templatefile test_build_seed_uses_matching_section,
tests/unit/services/test_templatefile.py::test_build_seed_returns_fresh_attr_objects,1,R14,ported,r2-services::templatefile test_build_seed_returns_fresh_attr_objects,
tests/unit/services/test_wrapload.py::test_table_shape_is_the_spec_contract,1,R15,ported,r2-services::wrapload test_table_shape_is_the_spec_contract,
tests/unit/services/test_wrapload.py::test_kek_requirements_split_by_algorithm_and_direction,1,R15,ported,r2-services::wrapload test_kek_requirements_split_by_algorithm_and_direction,
tests/unit/services/test_wrapload.py::test_param_shapes_match_the_builtin_rows,1,R15,ported,r2-services::wrapload test_param_shapes_match_the_builtin_rows,
tests/unit/services/test_wrapload.py::test_result_by_hint_excludes_opaque_hints,1,R15,ported,r2-services::wrapload test_result_by_hint_excludes_opaque_hints,
tests/unit/services/test_wrapload.py::test_resolve_kek_bare_label,1,R15,ported,r2-services::wrapload test_resolve_kek_bare_label,
tests/unit/services/test_wrapload.py::test_resolve_kek_accepts_full_ref_for_the_same_provider,1,R15,ported,r2-services::wrapload test_resolve_kek_accepts_full_ref_for_the_same_provider,
tests/unit/services/test_wrapload.py::test_resolve_kek_honors_id_and_class_selectors,1,R15,ported,r2-services::wrapload test_resolve_kek_honors_id_and_class_selectors,
tests/unit/services/test_wrapload.py::test_resolve_kek_keypair_label_collapses_to_private_half,1,R15,ported,r2-services::wrapload test_resolve_kek_keypair_label_collapses_to_private_half,
tests/unit/services/test_wrapload.py::test_resolve_kek_cross_provider_is_refused,1,R15,ported,r2-services::wrapload test_resolve_kek_cross_provider_is_refused,
tests/unit/services/test_wrapload.py::test_resolve_kek_missing_and_empty,1,R15,ported,r2-services::wrapload test_resolve_kek_missing_and_empty,
tests/unit/services/test_wrapload.py::test_resolve_kek_ambiguous_propagates,1,R15,ported,r2-services::wrapload test_resolve_kek_ambiguous_propagates,
tests/unit/services/test_wrapload.py::test_resolve_kek_label_containing_colon_is_not_a_provider,1,R15,ported,r2-services::wrapload test_resolve_kek_label_containing_colon_is_not_a_provider,
tests/unit/services/test_wrapload.py::test_candidates_filter_by_kek_and_provider_mechanisms,1,R15,ported,r2-services::wrapload test_candidates_filter_by_kek_and_provider_mechanisms,
tests/unit/services/test_wrapload.py::test_candidates_empty_for_a_public_kek_when_unwrapping,1,R15,ported,r2-services::wrapload test_candidates_empty_for_a_public_kek_when_unwrapping,
tests/unit/services/test_wrapload.py::test_resolve_mech_by_cli_and_canonical_name,1,R15,ported,r2-services::wrapload test_resolve_mech_by_cli_and_canonical_name,
tests/unit/services/test_wrapload.py::test_resolve_mech_unknown_name_suggests,1,R15,ported,r2-services::wrapload test_resolve_mech_unknown_name_suggests,
tests/unit/services/test_wrapload.py::test_resolve_mech_checks_advertised_before_kek_match,1,R15,ported,r2-services::wrapload test_resolve_mech_checks_advertised_before_kek_match,
tests/unit/services/test_wrapload.py::test_resolve_mech_kek_class_algorithm_mismatch,1,R15,ported,r2-services::wrapload test_resolve_mech_kek_class_algorithm_mismatch,
tests/unit/services/test_wrapload.py::test_select_mech_prompts_and_returns_choice,1,R15,ported,r2-services::wrapload test_select_mech_prompts_and_returns_choice,
tests/unit/services/test_wrapload.py::test_select_mech_without_candidates_raises,1,R15,ported,r2-services::wrapload test_select_mech_without_candidates_raises,
tests/unit/services/test_wrapload.py::test_select_mech_ctrl_c_is_user_abort,1,R15,ported,r2-services::wrapload test_select_mech_ctrl_c_is_user_abort,
tests/unit/services/test_wrapload.py::test_load_wrapped_round_trips_through_the_provider,1,R15,ported,r2-services::wrapload test_load_wrapped_round_trips_through_the_provider,
tests/unit/services/test_wrapload.py::test_load_wrapped_opens_the_editor_for_pkcs11_seeded_from_the_result,1,R15,ported,r2-services::wrapload test_load_wrapped_opens_the_editor_for_pkcs11_seeded_from_the_result,
tests/unit/services/test_wrapload.py::test_load_wrapped_skips_the_editor_for_memory_targets,1,R15,ported,r2-services::wrapload test_load_wrapped_skips_the_editor_for_memory_targets,
tests/unit/services/test_wrapload.py::test_load_wrapped_threads_mechanism_params_and_identity,1,R15,ported,r2-services::wrapload test_load_wrapped_threads_mechanism_params_and_identity,
tests/unit/services/test_wrapload.py::test_load_wrapped_seed_templates_reach_the_editor,1,R14,ported,r2-services::templatefile test_load_wrapped_seed_templates_reach_the_editor,"--template seeding (seed_templates) needs templatefile::build_seed (R14); R14 ports it into its own test file | R14: #[ignore = ""needs R15 (merge checklist)""] (load_wrapped is R15's)"
tests/unit/services/test_wrapload.py::test_load_wrapped_rejects_a_result_class_the_entry_forbids,1,R15,ported,r2-services::wrapload test_load_wrapped_rejects_a_result_class_the_entry_forbids,
tests/unit/services/test_wrapload.py::test_wrap_candidates_need_the_public_half_for_rsa,1,R15,ported,r2-services::wrapload test_wrap_candidates_need_the_public_half_for_rsa,
tests/unit/services/test_wrapload.py::test_wrap_candidates_accept_a_certificate_as_the_public_key,1,R15,ported,r2-services::wrapload test_wrap_candidates_accept_a_certificate_as_the_public_key,
tests/unit/services/test_wrapload.py::test_aes_kek_candidates_are_direction_independent,1,R15,ported,r2-services::wrapload test_aes_kek_candidates_are_direction_independent,
tests/unit/services/test_wrapload.py::test_resolve_mech_wrap_refuses_the_private_half_with_a_pub_hint,1,R15,ported,r2-services::wrapload test_resolve_mech_wrap_refuses_the_private_half_with_a_pub_hint,
tests/unit/services/test_wrapload.py::test_resolve_mech_wrap_accepts_the_public_half,1,R15,ported,r2-services::wrapload test_resolve_mech_wrap_accepts_the_public_half,
tests/unit/services/test_wrapload.py::test_resolve_mech_unwrap_still_refuses_the_public_half,1,R15,ported,r2-services::wrapload test_resolve_mech_unwrap_still_refuses_the_public_half,
tests/unit/services/test_wrapload.py::test_select_mech_wrap_lists_the_wrap_candidates,1,R15,ported,r2-services::wrapload test_select_mech_wrap_lists_the_wrap_candidates,
tests/unit/services/test_wrapload.py::test_select_mech_wrap_without_candidates_names_the_direction,1,R15,ported,r2-services::wrapload test_select_mech_wrap_without_candidates_names_the_direction,
tests/unit/services/test_wrapload.py::test_refuse_non_wrappable_only_blocks_non_extractable,1,R15,ported,r2-services::wrapload test_refuse_non_wrappable_only_blocks_non_extractable,
tests/unit/services/test_wrapload.py::test_wrap_for_export_round_trips_through_the_provider,1,R15,ported,r2-services::wrapload test_wrap_for_export_round_trips_through_the_provider,
tests/unit/services/test_wrapload.py::test_wrap_for_export_threads_mechanism_params,1,R15,ported,r2-services::wrapload test_wrap_for_export_threads_mechanism_params,
tests/unit/services/test_wrapload.py::test_wrap_for_export_refuses_public_and_certificate_targets,1,R15,ported,r2-services::wrapload test_wrap_for_export_refuses_public_and_certificate_targets,
tests/unit/services/test_wrapload.py::test_wrap_for_export_refuses_a_non_extractable_target,1,R15,ported,r2-services::wrapload test_wrap_for_export_refuses_a_non_extractable_target,
tests/unit/test_config.py::TestEmbeddedDefaults::test_defaults_yaml_ships_inside_the_package,1,R2,ported,r2-config::config embedded_defaults::defaults_yaml_ships_inside_the_package ; r2-config::config embedded_defaults::defaults_config_show_matches_c2,
tests/unit/test_config.py::TestEmbeddedDefaults::test_defaults_load_clean_without_warnings,1,R2,ported,r2-config::config embedded_defaults::defaults_load_clean_without_warnings,
tests/unit/test_config.py::TestEmbeddedDefaults::test_defaults_values_match_spec_section_7,1,R2,ported,r2-config::config embedded_defaults::defaults_values_match_spec_section_7,
tests/unit/test_config.py::TestEmbeddedDefaults::test_defaults_round_trip_through_typed_model,1,R2,ported,r2-config::config embedded_defaults::defaults_round_trip_through_typed_model,
tests/unit/test_config.py::TestDiscovery::test_cli_path_wins_over_env,1,R2,ported,r2-config::config discovery::cli_path_wins_over_env,
tests/unit/test_config.py::TestDiscovery::test_env_wins_over_cwd,1,R2,ported,r2-config::config discovery::env_wins_over_cwd,
tests/unit/test_config.py::TestDiscovery::test_cwd_wins_over_user_dir,1,R2,ported,r2-config::config discovery::cwd_wins_over_user_dir,
tests/unit/test_config.py::TestDiscovery::test_user_dir_is_last_resort,1,R2,ported,r2-config::config discovery::user_dir_is_last_resort,
tests/unit/test_config.py::TestDiscovery::test_no_external_file_uses_embedded_defaults,1,R2,ported,r2-config::config discovery::no_external_file_uses_embedded_defaults,
tests/unit/test_config.py::TestDiscovery::test_explicit_cli_path_missing_is_hard_error,1,R2,ported,r2-config::config discovery::explicit_cli_path_missing_is_hard_error,
tests/unit/test_config.py::TestDiscovery::test_explicit_env_path_missing_is_hard_error_even_with_cwd_file,1,R2,ported,r2-config::config discovery::explicit_env_path_missing_is_hard_error_even_with_cwd_file,
tests/unit/test_config.py::TestDiscovery::test_empty_external_file_keeps_defaults,1,R2,ported,r2-config::config discovery::empty_external_file_keeps_defaults,
tests/unit/test_config.py::TestDiscovery::test_external_file_must_be_a_mapping,1,R2,ported,r2-config::config discovery::external_file_must_be_a_mapping,
tests/unit/test_config.py::TestDiscovery::test_invalid_yaml_is_config_error_with_path,1,R2,ported,r2-config::config discovery::invalid_yaml_is_config_error_with_path,
tests/unit/test_config.py::TestDiscovery::test_config_error_derives_from_console_error,1,R2,ported,r2-config::config discovery::config_error_derives_from_console_error,
tests/unit/test_config.py::TestMerge::test_maps_merge_and_scalars_replace,1,R2,ported,r2-config::config merge::maps_merge_and_scalars_replace,
tests/unit/test_config.py::TestMerge::test_nested_maps_merge_recursively,1,R2,ported,r2-config::config merge::nested_maps_merge_recursively,
tests/unit/test_config.py::TestMerge::test_lists_replace_wholesale,1,R2,ported,r2-config::config merge::lists_replace_wholesale,
tests/unit/test_config.py::TestMerge::test_template_class_maps_merge,1,R2,ported,r2-config::config merge::template_class_maps_merge,
tests/unit/test_config.py::TestMerge::test_pkcs11_instance_full_shape,1,R2,ported,r2-config::config merge::pkcs11_instance_full_shape,
tests/unit/test_config.py::TestMerge::test_pkcs11_instance_optional_fields_default,1,R2,ported,r2-config::config merge::pkcs11_instance_optional_fields_default,
tests/unit/test_config.py::TestOrigins::test_overridden_sections_carry_source_path,1,R2,ported,r2-config::config origins::overridden_sections_carry_source_path,
tests/unit/test_config.py::TestOrigins::test_origins_cover_every_top_level_section,1,R2,ported,r2-config::config origins::origins_cover_every_top_level_section,
tests/unit/test_config.py::TestOrigins::test_partial_section_override_still_attributed_to_file,1,R2,ported,r2-config::config origins::partial_section_override_still_attributed_to_file,
tests/unit/test_config.py::TestSchemaErrors::test_error_carries_dotted_path_and_file,1,R2,ported,r2-config::config schema_errors::error_carries_dotted_path_and_file ; r2-config::config schema_errors::decoder_messages_match_c2,
tests/unit/test_config.py::TestSchemaErrors::test_missing_required_key_lists_indexed_path,1,R2,ported,r2-config::config schema_errors::missing_required_key_lists_indexed_path,
tests/unit/test_config.py::TestSchemaErrors::test_section_type_violation,1,R2,ported,r2-config::config schema_errors::section_type_violation,
tests/unit/test_config.py::TestSchemaErrors::test_bad_enum_value_lists_choices,1,R2,ported,r2-config::config schema_errors::bad_enum_value_lists_choices,
tests/unit/test_config.py::TestSchemaErrors::test_invalid_template_hex_value,1,R2,ported,r2-config::config schema_errors::invalid_template_hex_value,
tests/unit/test_config.py::TestSchemaErrors::test_invalid_template_value_type,1,R2,ported,r2-config::config schema_errors::invalid_template_value_type,
tests/unit/test_config.py::TestSchemaErrors::test_env_values_must_be_strings,1,R2,ported,r2-config::config schema_errors::env_values_must_be_strings,
tests/unit/test_config.py::TestSchemaErrors::test_enum_param_requires_choices,1,R2,ported,r2-config::config schema_errors::enum_param_requires_choices,
tests/unit/test_config.py::TestSchemaErrors::test_bad_verb_value,1,R2,ported,r2-config::config schema_errors::bad_verb_value,
tests/unit/test_config.py::TestSchemaErrors::test_defaults_only_error_has_no_file_suffix,1,R2,ported,r2-config::config schema_errors::defaults_only_error_has_no_file_suffix,
tests/unit/test_config.py::TestUnknownKeyWarnings::test_typo_warns_with_suggestion_and_is_ignored,1,R2,ported,r2-config::config unknown_key_warnings::typo_warns_with_suggestion_and_is_ignored,
tests/unit/test_config.py::TestUnknownKeyWarnings::test_unknown_top_level_key_warns,1,R2,ported,r2-config::config unknown_key_warnings::unknown_top_level_key_warns,
tests/unit/test_config.py::TestUnknownKeyWarnings::test_unknown_template_class_key_warns,1,R2,ported,r2-config::config unknown_key_warnings::unknown_template_class_key_warns,
tests/unit/test_config.py::TestDefaultTemplate::test_every_spec7_class_builds_the_right_template,10,R2,ported,r2-config::config default_template::every_spec7_class_builds_the_right_template,
tests/unit/test_config.py::TestDefaultTemplate::test_secure_defaults_for_aes,1,R2,ported,r2-config::config default_template::secure_defaults_for_aes,
tests/unit/test_config.py::TestDefaultTemplate::test_kind_inference_rule,1,R2,ported,r2-config::config default_template::kind_inference_rule,
tests/unit/test_config.py::TestDefaultTemplate::test_templates_are_fresh_per_call,1,R2,ported,r2-config::config default_template::templates_are_fresh_per_call,
tests/unit/test_config.py::TestDefaultTemplate::test_missing_class_key_yields_just_locked_rows,1,R2,ported,r2-config::config default_template::missing_class_key_yields_just_locked_rows,
tests/unit/test_config.py::TestCrossChecks::test_duplicate_provider_name_is_error,1,R2,ported,r2-config::config cross_checks::duplicate_provider_name_is_error,
tests/unit/test_config.py::TestCrossChecks::test_duplicate_between_pkcs11_instances_is_error,1,R2,ported,r2-config::config cross_checks::duplicate_between_pkcs11_instances_is_error,
tests/unit/test_config.py::TestCrossChecks::test_provider_name_grammar_enforced,1,R2,ported,r2-config::config cross_checks::provider_name_grammar_enforced,
tests/unit/test_config.py::TestCrossChecks::test_memory_name_grammar_enforced,1,R2,ported,r2-config::config cross_checks::memory_name_grammar_enforced,
tests/unit/test_config.py::TestCrossChecks::test_custom_mechanism_providers_must_be_defined,1,R2,ported,r2-config::config cross_checks::custom_mechanism_providers_must_be_defined,
tests/unit/test_config.py::TestCrossChecks::test_softhsm_provider_name_counts_as_defined,1,R2,ported,r2-config::config cross_checks::softhsm_provider_name_counts_as_defined,
tests/unit/test_config.py::TestCustomMechanisms::test_spec_5_14_example_parses,1,R2,ported,r2-config::config custom_mechanisms::spec_5_14_example_parses ; r2-config::config custom_mechanisms::param_defaults_are_typed_by_kind,
tests/unit/test_config.py::TestCustomMechanisms::test_non_vendor_ckm_warns,1,R2,ported,r2-config::config custom_mechanisms::non_vendor_ckm_warns,
tests/unit/test_config.py::TestCustomMechanisms::test_custom_attributes_parse_with_explicit_kind,1,R2,ported,r2-config::config custom_mechanisms::custom_attributes_parse_with_explicit_kind,
tests/unit/test_config_objects.py::test_template_class_keys_include_the_new_kinds,1,R2,ported,r2-config::config config_objects::template_class_keys_include_the_new_kinds,
tests/unit/test_config_objects.py::test_template_class_key_branches,1,R2,ported,r2-config::config config_objects::template_class_key_branches,
tests/unit/test_config_objects.py::test_default_template_locks_key_type_only_for_key_classes,1,R2,ported,r2-config::config config_objects::default_template_locks_key_type_only_for_key_classes,
tests/unit/test_config_objects.py::test_embedded_defaults_carry_generic_and_data_sections,1,R2,ported,r2-config::config config_objects::embedded_defaults_carry_generic_and_data_sections,
tests/unit/test_config_objects.py::test_custom_mechanism_rejects_listing_only_algorithms,1,R2,ported,r2-config::config config_objects::custom_mechanism_rejects_listing_only_algorithms,
tests/unit/test_crypto_cmd.py::test_encrypt_one_line_renders_hex_panel,1,R9,ported,r2-console tests::crypto_cmd::test_encrypt_one_line_renders_hex_panel,
tests/unit/test_crypto_cmd.py::test_decrypt_round_trips_encrypt_inline,1,R9,ported,r2-console tests::crypto_cmd::test_decrypt_round_trips_encrypt_inline,
tests/unit/test_crypto_cmd.py::test_decrypt_raw_with_public_half_ref,1,R9,ported,r2-console tests::crypto_cmd::test_decrypt_raw_with_public_half_ref,
tests/unit/test_crypto_cmd.py::test_inline_param_validation_failure,1,R9,ported,r2-console tests::crypto_cmd::test_inline_param_validation_failure,
tests/unit/test_crypto_cmd.py::test_unknown_param_name_raises,1,R9,ported,r2-console tests::crypto_cmd::test_unknown_param_name_raises,
tests/unit/test_crypto_cmd.py::test_unknown_option_raises,1,R9,ported,r2-console tests::crypto_cmd::test_unknown_option_raises,
tests/unit/test_crypto_cmd.py::test_missing_key_ref_raises_with_usage,1,R9,ported,r2-console tests::crypto_cmd::test_missing_key_ref_raises_with_usage,
tests/unit/test_crypto_cmd.py::test_too_many_data_positionals,1,R9,ported,r2-console tests::crypto_cmd::test_too_many_data_positionals,
tests/unit/test_crypto_cmd.py::test_inline_data_and_in_file_conflict,1,R9,ported,r2-console tests::crypto_cmd::test_inline_data_and_in_file_conflict,
tests/unit/test_crypto_cmd.py::test_logged_out_provider_raises_auth_required,1,R9,ported,r2-console tests::crypto_cmd::test_logged_out_provider_raises_auth_required,
tests/unit/test_crypto_cmd.py::test_unquoted_mech_name_binds_as_mechanism,1,R9,ported,r2-console tests::crypto_cmd::test_unquoted_mech_name_binds_as_mechanism,
tests/unit/test_crypto_cmd.py::test_quoted_mech_shaped_token_is_data,1,R9,ported,r2-console tests::crypto_cmd::test_quoted_mech_shaped_token_is_data,
tests/unit/test_crypto_cmd.py::test_unquoted_non_mech_token_is_data_and_mech_prompted,1,R9,ported,r2-console tests::crypto_cmd::test_unquoted_non_mech_token_is_data_and_mech_prompted,
tests/unit/test_crypto_cmd.py::test_quoted_data_with_whitespace_is_decoded,1,R9,ported,r2-console tests::crypto_cmd::test_quoted_data_with_whitespace_is_decoded,
tests/unit/test_crypto_cmd.py::test_mech_select_list_filtered_by_capability,1,R9,ported,r2-console tests::crypto_cmd::test_mech_select_list_filtered_by_capability,
tests/unit/test_crypto_cmd.py::test_no_available_mechanism_raises,1,R9,ported,r2-console tests::crypto_cmd::test_no_available_mechanism_raises,
tests/unit/test_crypto_cmd.py::test_missing_required_param_is_prompted,1,R9,ported,r2-console tests::crypto_cmd::test_missing_required_param_is_prompted,
tests/unit/test_crypto_cmd.py::test_missing_data_prompts_multiline_paste,1,R9,ported,r2-console tests::crypto_cmd::test_missing_data_prompts_multiline_paste,
tests/unit/test_crypto_cmd.py::test_file_in_out_round_trip,1,R9,ported,r2-console tests::crypto_cmd::test_file_in_out_round_trip,
tests/unit/test_crypto_cmd.py::test_out_raw_is_default_and_b64_encodes,1,R9,ported,r2-console tests::crypto_cmd::test_out_raw_is_default_and_b64_encodes,
tests/unit/test_crypto_cmd.py::test_outformat_requires_out,1,R9,ported,r2-console tests::crypto_cmd::test_outformat_requires_out,
tests/unit/test_crypto_cmd.py::test_invalid_outformat_rejected,1,R9,ported,r2-console tests::crypto_cmd::test_invalid_outformat_rejected,
tests/unit/test_crypto_cmd.py::test_hex_panel_honors_ui_config,1,R9,ported,r2-console tests::crypto_cmd::test_hex_panel_honors_ui_config, | r2 applies ui.hex_* in the session IO: the test drives a LineIo built from config.ui and source-checks open_console_io's config.ui wiring
tests/unit/test_crypto_cmd.py::test_verify_sig_inline_valid_and_tampered,1,R9,ported,r2-console tests::crypto_cmd::test_verify_sig_inline_valid_and_tampered,
tests/unit/test_crypto_cmd.py::test_verify_sig_file,1,R9,ported,r2-console tests::crypto_cmd::test_verify_sig_file,
tests/unit/test_crypto_cmd.py::test_verify_signature_prompted_when_no_source_given,1,R9,ported,r2-console tests::crypto_cmd::test_verify_signature_prompted_when_no_source_given,
tests/unit/test_crypto_cmd.py::test_verify_both_sig_sources_conflict,1,R9,ported,r2-console tests::crypto_cmd::test_verify_both_sig_sources_conflict,
tests/unit/test_crypto_cmd.py::test_derive_renders_raw_secret_hex,1,R9,ported,r2-console tests::crypto_cmd::test_derive_renders_raw_secret_hex,
tests/unit/test_crypto_cmd.py::test_derive_rejects_data_positional,1,R9,ported,r2-console tests::crypto_cmd::test_derive_rejects_data_positional,
tests/unit/test_crypto_cmd.py::test_derive_key_only_renders_resident_ref,1,R9,ported,r2-console tests::crypto_cmd::test_derive_key_only_renders_resident_ref,
tests/unit/test_crypto_cmd.py::test_derive_key_only_with_out_file_is_an_error,1,R9,ported,r2-console tests::crypto_cmd::test_derive_key_only_with_out_file_is_an_error,
tests/unit/test_crypto_cmd.py::test_ops_lists_every_provider,1,R9,ported,r2-console tests::crypto_cmd::test_ops_lists_every_provider,
tests/unit/test_crypto_cmd.py::test_ops_table_filtered_by_capability,1,R9,ported,r2-console tests::crypto_cmd::test_ops_table_filtered_by_capability,
tests/unit/test_crypto_cmd.py::test_ops_full_capability_includes_curve_bound_ops,1,R9,ported,r2-console tests::crypto_cmd::test_ops_full_capability_includes_curve_bound_ops,
tests/unit/test_crypto_cmd.py::test_ops_reflects_logged_out_provider,1,R9,ported,r2-console tests::crypto_cmd::test_ops_reflects_logged_out_provider,
tests/unit/test_crypto_cmd.py::test_ops_key_filter_restricts_to_key_class_and_algorithm,1,R9,ported,r2-console tests::crypto_cmd::test_ops_key_filter_restricts_to_key_class_and_algorithm,
tests/unit/test_crypto_cmd.py::test_ops_key_and_mismatched_provider_conflict,1,R9,ported,r2-console tests::crypto_cmd::test_ops_key_and_mismatched_provider_conflict,
tests/unit/test_crypto_cmd.py::test_ops_unknown_provider,1,R9,ported,r2-console tests::crypto_cmd::test_ops_unknown_provider,
tests/unit/test_crypto_cmd.py::test_complete_ref_then_mech_then_params,1,R9,ported,r2-console tests::crypto_cmd::test_complete_ref_then_mech_then_params,
tests/unit/test_crypto_cmd.py::test_complete_ref_selector_stages,1,R9,ported,r2-console tests::crypto_cmd::test_complete_ref_selector_stages,
tests/unit/test_crypto_cmd.py::test_complete_never_lists_keys_of_logged_out_provider,1,R9,ported,r2-console tests::crypto_cmd::test_complete_never_lists_keys_of_logged_out_provider,
tests/unit/test_crypto_cmd.py::test_complete_ops,1,R9,ported,r2-console tests::crypto_cmd::test_complete_ops,
tests/unit/test_keyparse.py::test_pkcs8_pem_private_roundtrip,4,R6,ported,r2-core::keyparse pkcs8_pem_private_roundtrip,
tests/unit/test_keyparse.py::test_pkcs8_der_private_roundtrip,4,R6,ported,r2-core::keyparse pkcs8_der_private_roundtrip,
tests/unit/test_keyparse.py::test_traditional_pkcs1_rsa_roundtrip,2,R6,ported,r2-core::keyparse traditional_pkcs1_rsa_roundtrip,
tests/unit/test_keyparse.py::test_sec1_ec_roundtrip,2,R6,ported,r2-core::keyparse sec1_ec_roundtrip,
tests/unit/test_keyparse.py::test_spki_pem_and_der_roundtrip,4,R6,ported,r2-core::keyparse spki_pem_and_der_roundtrip ; r2-core::keyparse pkcs1_rsa_public_key_der_loads_as_spki,
tests/unit/test_keyparse.py::test_certificate_pem_and_der,1,R6,ported,r2-core::keyparse certificate_pem_and_der,
tests/unit/test_keyparse.py::test_certificate_without_cn_has_no_label_hint,1,R6,ported,r2-core::keyparse certificate_without_cn_has_no_label_hint,
tests/unit/test_keyparse.py::test_csr_pem_and_der,1,R6,ported,r2-core::keyparse csr_pem_and_der,
tests/unit/test_keyparse.py::test_encrypted_pkcs8_with_password,2,R6,ported,r2-core::keyparse encrypted_pkcs8_with_password ; r2-core::keyparse encrypted_input_prompt_texts,
tests/unit/test_keyparse.py::test_encrypted_traditional_pem_with_password,1,R6,ported,r2-core::keyparse encrypted_traditional_pem_with_password,
tests/unit/test_keyparse.py::test_encrypted_pkcs8_wrong_password,2,R6,ported,r2-core::keyparse encrypted_pkcs8_wrong_password ; r2-core::keyparse encrypted_pkcs8_scheme_set_is_pycas ; r2-core::keyparse traditional_pem_cipher_set_is_pycas,
tests/unit/test_keyparse.py::test_encrypted_pkcs8_without_callback,1,R6,ported,r2-core::keyparse encrypted_pkcs8_without_callback ; r2-core::keyparse encrypted_with_empty_password_still_requires_a_password,
tests/unit/test_keyparse.py::test_pkcs12_multi_material_shared_label_hint,1,R6,ported,r2-core::keyparse pkcs12_multi_material_shared_label_hint ; r2-core::keyparse pkcs12_without_friendly_name_uses_subject_cn ; r2-core::keyparse legacy_pkcs12_rc2_3des_sha1_loads,
tests/unit/test_keyparse.py::test_pkcs12_wrong_password,1,R6,ported,r2-core::keyparse pkcs12_wrong_password ; r2-core::keyparse pkcs12_password_with_nul_is_the_wrong_password_text,
tests/unit/test_keyparse.py::test_pkcs12_without_callback,1,R6,ported,r2-core::keyparse pkcs12_without_callback,
tests/unit/test_keyparse.py::test_pkcs12_unencrypted_needs_no_callback,1,R6,ported,r2-core::keyparse pkcs12_unencrypted_needs_no_callback,
tests/unit/test_keyparse.py::test_raw_aes,6,R6,ported,r2-core::keyparse raw_aes,
tests/unit/test_keyparse.py::test_raw_aes_bad_length,1,R6,ported,r2-core::keyparse raw_aes_bad_length,
tests/unit/test_keyparse.py::test_raw_bytes_not_allowed_for_non_aes_hint,1,R6,ported,r2-core::keyparse raw_bytes_not_allowed_for_non_aes_hint,
tests/unit/test_keyparse.py::test_hex_wrapped_pem_through_codec,1,R6,ported,r2-core::keyparse hex_wrapped_pem_through_codec,
tests/unit/test_keyparse.py::test_mangled_pasted_pem_through_codec,1,R6,ported,r2-core::keyparse mangled_pasted_pem_through_codec,
tests/unit/test_keyparse.py::test_hint_mismatch_cases,1,R6,ported,r2-core::keyparse hint_mismatch_cases,
tests/unit/test_keyparse.py::test_hint_matches,1,R6,ported,r2-core::keyparse hint_matches,
tests/unit/test_keyparse.py::test_unknown_hint_value,1,R6,ported,r2-core::keyparse unknown_hint_value,
tests/unit/test_keyparse.py::test_garbage_input_lists_attempted_formats,1,R6,ported,r2-core::keyparse garbage_input_lists_attempted_formats,
tests/unit/test_keyparse.py::test_empty_input,1,R6,ported,r2-core::keyparse empty_input,
tests/unit/test_keyparse.py::test_garbage_der_prefix,1,R6,ported,r2-core::keyparse garbage_der_prefix,
tests/unit/test_keyparse.py::test_truncated_pem_block,1,R6,ported,r2-core::keyparse truncated_pem_block,
tests/unit/test_keyparse.py::test_mismatched_pem_labels,1,R6,ported,r2-core::keyparse mismatched_pem_labels,
tests/unit/test_keyparse.py::test_unsupported_pem_label,1,R6,ported,r2-core::keyparse unsupported_pem_label,
tests/unit/test_keyparse.py::test_corrupt_pem_body,1,R6,ported,r2-core::keyparse corrupt_pem_body,
tests/unit/test_keyparse.py::test_multiblock_pem_bundle,1,R6,ported,r2-core::keyparse multiblock_pem_bundle,
tests/unit/test_keyparse.py::test_certificate_with_corrupt_spki,1,R6,ported,r2-core::keyparse certificate_with_corrupt_spki ; r2-core::keyparse unsupported_curves_are_rejected_with_pycas_text,
tests/unit/test_keyparse.py::test_csr_with_corrupt_spki,1,R6,ported,r2-core::keyparse csr_with_corrupt_spki,
tests/unit/test_keyparse.py::test_pkcs12_with_corrupt_chain_cert_spki,1,R6,ported,r2-core::keyparse pkcs12_with_corrupt_chain_cert_spki,
tests/unit/test_keyparse.py::test_p12_shaped_garbage_without_callback_hedges_corruption,1,R6,ported,r2-core::keyparse p12_shaped_garbage_without_callback_hedges_corruption,
tests/unit/test_l13_hardening.py::test_encrypted_traditional_pem_paste_keeps_headers,1,R6,ported,r2-core::keyparse encrypted_traditional_pem_paste_keeps_headers,L13 glue-fix regression (PLAN R13 card lists the file); assigned to the loop owning the code under test; decode_data (R1) + parse_key_material (R6)
tests/unit/test_l13_hardening.py::test_encrypted_traditional_pem_survives_indented_paste,1,R6,ported,r2-core::keyparse encrypted_traditional_pem_survives_indented_paste,L13 glue-fix regression (PLAN R13 card lists the file); assigned to the loop owning the code under test; decode_data (R1) + parse_key_material (R6)
tests/unit/test_l13_hardening.py::test_headerless_pem_rewrap_unchanged_by_header_support,1,R1,ported,r2-core::codec test_headerless_pem_rewrap_unchanged_by_header_support,L13 glue-fix regression (PLAN R13 card lists the file); assigned to the loop owning the code under test; codec
tests/unit/test_l13_hardening.py::test_headers_without_body_raise_codec_error,1,R1,ported,r2-core::codec test_headers_without_body_raise_codec_error,L13 glue-fix regression (PLAN R13 card lists the file); assigned to the loop owning the code under test; codec
tests/unit/test_l13_hardening.py::test_complete_paths_lists_directory,1,R7,ported,r2-console tests::completer::test_complete_paths_lists_directory ; r2-console tests::completer::complete_paths_keeps_the_typed_directory_part_and_expands_tilde,L13 glue-fix regression (PLAN R13 card lists the file); assigned to the loop owning the code under test; completer::complete_paths
tests/unit/test_l13_hardening.py::test_complete_paths_partial_and_hidden,1,R7,ported,r2-console tests::completer::test_complete_paths_partial_and_hidden,L13 glue-fix regression (PLAN R13 card lists the file); assigned to the loop owning the code under test; completer::complete_paths
tests/unit/test_l13_hardening.py::test_complete_paths_never_raises,1,R7,ported,r2-console tests::completer::test_complete_paths_never_raises,L13 glue-fix regression (PLAN R13 card lists the file); assigned to the loop owning the code under test; completer::complete_paths
tests/unit/test_l13_hardening.py::test_crypto_file_options_complete_paths,1,R9,ported,r2-console tests::crypto_cmd::test_crypto_file_options_complete_paths,L13 glue-fix regression (PLAN R13 card lists the file); assigned to the loop owning the code under test; crypto command completion
tests/unit/test_l13_hardening.py::test_export_and_csr_path_positionals_complete,1,R8,ported,r2-console tests::keys_cmd::test_export_and_csr_path_positionals_complete,L13 glue-fix regression (PLAN R13 card lists the file); assigned to the loop owning the code under test; export/csr completion
tests/unit/test_l13_hardening.py::test_load_file_option_completes_paths,1,R8,ported,r2-console tests::keys_cmd::test_load_file_option_completes_paths,L13 glue-fix regression (PLAN R13 card lists the file); assigned to the loop owning the code under test; load --file completion
tests/unit/test_l13_hardening.py::test_public_half_fallback_prefers_public_then_cert,1,R9,ported,r2-console tests::crypto_cmd::test_public_half_fallback_prefers_public_then_cert,L13 glue-fix regression (PLAN R13 card lists the file); assigned to the loop owning the code under test; verify fallback
tests/unit/test_l13_hardening.py::test_public_half_fallback_honors_key_id,1,R9,ported,r2-console tests::crypto_cmd::test_public_half_fallback_honors_key_id,L13 glue-fix regression (PLAN R13 card lists the file); assigned to the loop owning the code under test; verify fallback
tests/unit/test_l13_hardening.py::test_verify_on_keypair_ref_offers_mechanisms_and_verifies,1,R9,ported,r2-console tests::crypto_cmd::test_verify_on_keypair_ref_offers_mechanisms_and_verifies,L13 glue-fix regression (PLAN R13 card lists the file); assigned to the loop owning the code under test; verify fallback
tests/unit/test_l13_hardening.py::test_prompttoolkitio_print_does_not_eat_markup_lookalikes,1,R7,ported,r2-console tests::io::test_prompttoolkitio_print_does_not_eat_markup_lookalikes,L13 glue-fix regression (PLAN R13 card lists the file); assigned to the loop owning the code under test; rich markup hazard: keep as a verbatim-render assertion on the r2 renderer (D1)
tests/unit/test_l13_hardening.py::test_make_table_cells_render_verbatim,1,R1,ported,r2-core::render test_make_table_cells_render_verbatim,L13 glue-fix regression (PLAN R13 card lists the file); assigned to the loop owning the code under test; rich markup hazard: '[x]'/'[ ]' cells must render verbatim (D1)
tests/unit/test_l13_hardening.py::test_hex_panel_title_renders_verbatim,1,R1,ported,r2-core::render test_hex_panel_title_renders_verbatim,L13 glue-fix regression (PLAN R13 card lists the file); assigned to the loop owning the code under test; rich markup hazard: panel title renders verbatim (D1)
tests/unit/test_memory_objects.py::test_hmac_matches_stdlib_for_every_hash,5,R4,ported,r2-memory::memory_objects test_hmac_matches_stdlib_for_every_hash,
tests/unit/test_memory_objects.py::test_hmac_rfc4231_case2_sha256_vector,1,R4,ported,r2-memory::memory_objects test_hmac_rfc4231_case2_sha256_vector,
tests/unit/test_memory_objects.py::test_hmac_defaults_to_sha256_and_truncates_by_mac_len,1,R4,ported,r2-memory::memory_objects test_hmac_defaults_to_sha256_and_truncates_by_mac_len,
tests/unit/test_memory_objects.py::test_hmac_needs_generic_and_cmac_needs_aes,1,R4,ported,r2-memory::memory_objects test_hmac_needs_generic_and_cmac_needs_aes,
tests/unit/test_memory_objects.py::test_generic_secret_any_length_round_trip,1,R4,ported,r2-memory::memory_objects test_generic_secret_any_length_round_trip,
tests/unit/test_memory_objects.py::test_generate_generic_secret_size_rules,1,R4,ported,r2-memory::memory_objects test_generate_generic_secret_size_rules,
tests/unit/test_memory_objects.py::test_generic_secret_wraps_and_unwraps_under_an_aes_kek,1,R4,ported,r2-memory::memory_objects test_generic_secret_wraps_and_unwraps_under_an_aes_kek,
tests/unit/test_memory_objects.py::test_data_object_lifecycle,1,R4,ported,r2-memory::memory_objects test_data_object_lifecycle,
tests/unit/test_memory_objects.py::test_data_object_refuses_ids_twins_and_verbs,1,R4,ported,r2-memory::memory_objects test_data_object_refuses_ids_twins_and_verbs,
tests/unit/test_memory_provider.py::TestMemoryProviderContract,0,R4,ported,r2-memory::contract memory_contract::test_certificate_acts_as_public_key ; r2-memory::contract memory_contract::test_certificate_import_list_export_delete ; r2-memory::contract memory_contract::test_data_object_identity_and_verbs ; r2-memory::contract memory_contract::test_data_object_round_trip ; r2-memory::contract memory_contract::test_delete_key ; r2-memory::contract memory_contract::test_duplicate_identity_guard_exempts_families_and_certs ; r2-memory::contract memory_contract::test_duplicate_identity_refused ; r2-memory::contract memory_contract::test_encrypt_decrypt_round_trip ; r2-memory::contract memory_contract::test_find_key_ambiguity ; r2-memory::contract memory_contract::test_find_key_class_selector_picks_keypair_half ; r2-memory::contract memory_contract::test_find_key_not_found ; r2-memory::contract memory_contract::test_generate_generic_secret ; r2-memory::contract memory_contract::test_generate_keypair_shares_label ; r2-memory::contract memory_contract::test_generate_secret_key ; r2-memory::contract memory_contract::test_generic_secret_round_trip ; r2-memory::contract memory_contract::test_generic_secret_wrap_unwrap_where_supported ; r2-memory::contract memory_contract::test_hmac_needs_a_generic_secret_and_cmac_an_aes_key ; r2-memory::contract memory_contract::test_hmac_sign_verify_round_trip ; r2-memory::contract memory_contract::test_import_export_round_trip_secret ; r2-memory::contract memory_contract::test_imported_key_is_listed_and_found ; r2-memory::contract memory_contract::test_login_rejected_when_not_required ; r2-memory::contract memory_contract::test_non_exportable_key_refuses_export ; r2-memory::contract memory_contract::test_pkcs11_secret_attributes_carry_flags ; r2-memory::contract memory_contract::test_read_full_template_dumps_class_and_identity ; r2-memory::contract memory_contract::test_read_full_template_has_no_key_type_for_cert_and_data ; r2-memory::contract memory_contract::test_read_key_template_seeds_identity ; r2-memory::contract memory_contract::test_sign_verify_round_trip ; r2-memory::contract memory_contract::test_status_token_iff_logged_in ; r2-memory::contract memory_contract::test_supports_is_consistent_with_mechanisms ; r2-memory::contract memory_contract::test_update_key_duplicate_identity_refused ; r2-memory::contract memory_contract::test_update_key_leaves_siblings_untouched ; r2-memory::contract memory_contract::test_update_key_refusal_is_outcome_not_exception ; r2-memory::contract memory_contract::test_update_key_renames_key ; r2-memory::contract memory_contract::test_wrap_unwrap_round_trip_where_supported,contract instantiation: provider_contract_tests! for MemoryProvider('mem'); its 34 tests are the tests/contract/base.py rows (params=0: node IDs counted there)
tests/unit/test_memory_provider.py::test_advertises_every_canonical_mechanism,1,R4,ported,r2-memory::memory_provider test_advertises_every_canonical_mechanism,
tests/unit/test_memory_provider.py::test_initialize_idempotent_and_shutdown_clears_keys,1,R4,ported,r2-memory::memory_provider test_initialize_idempotent_and_shutdown_clears_keys,
tests/unit/test_memory_provider.py::test_unknown_mechanism_raises,1,R4,ported,r2-memory::memory_provider test_unknown_mechanism_raises,
tests/unit/test_memory_provider.py::test_kat_aes_ecb_sp800_38a,1,R4,ported,r2-memory::memory_provider test_kat_aes_ecb_sp800_38a,
tests/unit/test_memory_provider.py::test_kat_aes_cbc_sp800_38a,1,R4,ported,r2-memory::memory_provider test_kat_aes_cbc_sp800_38a,
tests/unit/test_memory_provider.py::test_aes_cbc_pkcs7_prefix_matches_kat_and_round_trips,1,R4,ported,r2-memory::memory_provider test_aes_cbc_pkcs7_prefix_matches_kat_and_round_trips,
tests/unit/test_memory_provider.py::test_kat_aes_ctr_sp800_38a,1,R4,ported,r2-memory::memory_provider test_kat_aes_ctr_sp800_38a,
tests/unit/test_memory_provider.py::test_kat_aes_gcm_mcgrew_viega_tc16,1,R4,ported,r2-memory::memory_provider test_kat_aes_gcm_mcgrew_viega_tc16,
tests/unit/test_memory_provider.py::test_aes_gcm_tamper_and_short_input,1,R4,ported,r2-memory::memory_provider test_aes_gcm_tamper_and_short_input,
tests/unit/test_memory_provider.py::test_aes_gcm_truncated_tag_round_trip,1,R4,ported,r2-memory::memory_provider test_aes_gcm_truncated_tag_round_trip,
tests/unit/test_memory_provider.py::test_kat_aes_cmac_rfc4493,1,R4,ported,r2-memory::memory_provider test_kat_aes_cmac_rfc4493,
tests/unit/test_memory_provider.py::test_aes_cmac_truncation,1,R4,ported,r2-memory::memory_provider test_aes_cmac_truncation,
tests/unit/test_memory_provider.py::test_gmac_equals_independent_gcm_tag_over_aad,1,R4,ported,r2-memory::memory_provider test_gmac_equals_independent_gcm_tag_over_aad,
tests/unit/test_memory_provider.py::test_gmac_truncation,1,R4,ported,r2-memory::memory_provider test_gmac_truncation,
tests/unit/test_memory_provider.py::test_rsa_oaep_round_trip_and_pyca_cross_check,1,R4,ported,r2-memory::memory_provider test_rsa_oaep_round_trip_and_pyca_cross_check,
tests/unit/test_memory_provider.py::test_rsa_oaep_mgf_hash_defaults_to_hash,1,R4,ported,r2-memory::memory_provider test_rsa_oaep_mgf_hash_defaults_to_hash,
tests/unit/test_memory_provider.py::test_rsa_oaep_wrong_key_and_oversize,1,R4,ported,r2-memory::memory_provider test_rsa_oaep_wrong_key_and_oversize,
tests/unit/test_memory_provider.py::test_rsa_pkcs1_encrypt_round_trip,1,R4,ported,r2-memory::memory_provider test_rsa_pkcs1_encrypt_round_trip,
tests/unit/test_memory_provider.py::test_rsa_pkcs1_sign_is_deterministic_and_matches_pyca,1,R4,ported,r2-memory::memory_provider test_rsa_pkcs1_sign_is_deterministic_and_matches_pyca,
tests/unit/test_memory_provider.py::test_rsa_pkcs1_sign_digest_too_long_raises_crypto_error,1,R4,ported,r2-memory::memory_provider test_rsa_pkcs1_sign_digest_too_long_raises_crypto_error,
tests/unit/test_memory_provider.py::test_kat_rsa_pss_verify_independent_construction,1,R4,ported,r2-memory::memory_provider test_kat_rsa_pss_verify_independent_construction,
tests/unit/test_memory_provider.py::test_rsa_pss_salt_len_sentinels,1,R4,ported,r2-memory::memory_provider test_rsa_pss_salt_len_sentinels,
tests/unit/test_memory_provider.py::test_rsa_raw_modexp_and_round_trip,1,R4,ported,r2-memory::memory_provider test_rsa_raw_modexp_and_round_trip,
tests/unit/test_memory_provider.py::test_rsa_raw_decrypt_with_public_key_recovers_signature_block,1,R4,ported,r2-memory::memory_provider test_rsa_raw_decrypt_with_public_key_recovers_signature_block,
tests/unit/test_memory_provider.py::test_kat_ecdsa_p256_rfc6979_verify,1,R4,ported,r2-memory::memory_provider test_kat_ecdsa_p256_rfc6979_verify,
tests/unit/test_memory_provider.py::test_ecdsa_round_trip_and_signature_width,3,R4,ported,r2-memory::memory_provider test_ecdsa_round_trip_and_signature_width,
tests/unit/test_memory_provider.py::test_ecdsa_rs_converts_to_der_for_pyca,1,R4,ported,r2-memory::memory_provider test_ecdsa_rs_converts_to_der_for_pyca,
tests/unit/test_memory_provider.py::test_ecdsa_der_from_pyca_converts_to_rs_for_provider,1,R4,ported,r2-memory::memory_provider test_ecdsa_der_from_pyca_converts_to_rs_for_provider,
tests/unit/test_memory_provider.py::test_kat_ed25519_rfc8032,1,R4,ported,r2-memory::memory_provider test_kat_ed25519_rfc8032,
tests/unit/test_memory_provider.py::test_eddsa_ed448_round_trip,1,R4,ported,r2-memory::memory_provider test_eddsa_ed448_round_trip,
tests/unit/test_memory_provider.py::test_kat_x25519_rfc7748,1,R4,ported,r2-memory::memory_provider test_kat_x25519_rfc7748,
tests/unit/test_memory_provider.py::test_x25519_raw_peer_starting_with_der_tag,1,R4,ported,r2-memory::memory_provider test_x25519_raw_peer_starting_with_der_tag,
tests/unit/test_memory_provider.py::test_x448_raw_peer_starting_with_der_tag,1,R4,ported,r2-memory::memory_provider test_x448_raw_peer_starting_with_der_tag,
tests/unit/test_memory_provider.py::test_ecdh_p256_agreement_and_kdf,1,R4,ported,r2-memory::memory_provider test_ecdh_p256_agreement_and_kdf,
tests/unit/test_memory_provider.py::test_ecdh_null_kdf_out_len_rules,1,R4,ported,r2-memory::memory_provider test_ecdh_null_kdf_out_len_rules,
tests/unit/test_memory_provider.py::test_ecdh_peer_curve_mismatch_and_bad_peer,1,R4,ported,r2-memory::memory_provider test_ecdh_peer_curve_mismatch_and_bad_peer,
tests/unit/test_memory_provider.py::test_x448_agreement_both_directions,1,R4,ported,r2-memory::memory_provider test_x448_agreement_both_directions,
tests/unit/test_memory_provider.py::test_derive_rejects_wrong_key_kinds,1,R4,ported,r2-memory::memory_provider test_derive_rejects_wrong_key_kinds,
tests/unit/test_memory_provider.py::test_kat_aes_key_wrap_rfc3394,1,R4,ported,r2-memory::memory_provider test_kat_aes_key_wrap_rfc3394,
tests/unit/test_memory_provider.py::test_aes_key_wrap_pad_private_key_round_trip,1,R4,ported,r2-memory::memory_provider test_aes_key_wrap_pad_private_key_round_trip,
tests/unit/test_memory_provider.py::test_aes_key_wrap_pad_accepts_spec_letter_dialect,1,R4,ported,r2-memory::memory_provider test_aes_key_wrap_pad_accepts_spec_letter_dialect,
tests/unit/test_memory_provider.py::test_aes_key_wrap_pad_rejects_bad_pkcs7_tail,1,R4,ported,r2-memory::memory_provider test_aes_key_wrap_pad_rejects_bad_pkcs7_tail,
tests/unit/test_memory_provider.py::test_aes_key_wrap_pad_garbage_still_fails_with_dialect_hint,1,R4,ported,r2-memory::memory_provider test_aes_key_wrap_pad_garbage_still_fails_with_dialect_hint,
tests/unit/test_memory_provider.py::test_aes_key_wrap_requires_aligned_payload,1,R4,ported,r2-memory::memory_provider test_aes_key_wrap_requires_aligned_payload,
tests/unit/test_memory_provider.py::test_rsa_oaep_wrap_including_cert_as_wrapping_key,1,R4,ported,r2-memory::memory_provider test_rsa_oaep_wrap_including_cert_as_wrapping_key,
tests/unit/test_memory_provider.py::test_rsa_aes_key_wrap_hybrid_private_target,1,R4,ported,r2-memory::memory_provider test_rsa_aes_key_wrap_hybrid_private_target,
tests/unit/test_memory_provider.py::test_wrap_semantics_exportable_vs_wrappable,1,R4,ported,r2-memory::memory_provider test_wrap_semantics_exportable_vs_wrappable,
tests/unit/test_memory_provider.py::test_wrap_rejects_public_targets_and_bad_mechs,1,R4,ported,r2-memory::memory_provider test_wrap_rejects_public_targets_and_bad_mechs,
tests/unit/test_memory_provider.py::test_unwrapped_garbage_fails_key_parse,1,R4,ported,r2-memory::memory_provider test_unwrapped_garbage_fails_key_parse,
tests/unit/test_memory_provider.py::test_ec_certificate_verifies_and_carries_attributes,1,R4,ported,r2-memory::memory_provider test_ec_certificate_verifies_and_carries_attributes,
tests/unit/test_memory_provider.py::test_generate_keypair_shares_explicit_key_id,1,R4,ported,r2-memory::memory_provider test_generate_keypair_shares_explicit_key_id,
tests/unit/test_memory_provider.py::test_generate_rsa_metadata,1,R4,ported,r2-memory::memory_provider test_generate_rsa_metadata,
tests/unit/test_memory_provider.py::test_generate_rejects_bad_parameters,7,R4,ported,r2-memory::memory_provider test_generate_rejects_bad_parameters,
tests/unit/test_memory_provider.py::test_import_rejects_non_canonical_material,1,R4,ported,r2-memory::memory_provider test_import_rejects_non_canonical_material,
tests/unit/test_memory_provider.py::test_verb_mechanism_mismatches,1,R4,ported,r2-memory::memory_provider test_verb_mechanism_mismatches,
tests/unit/test_memory_provider.py::test_parameter_policing,1,R4,ported,r2-memory::memory_provider test_parameter_policing,
tests/unit/test_memory_provider.py::test_cbc_decrypt_failures,1,R4,ported,r2-memory::memory_provider test_cbc_decrypt_failures,
tests/unit/test_memory_provider.py::test_edit_read_template_id_row_disabled_for_none_id,1,R4,ported,r2-memory::memory_provider test_edit_read_template_id_row_disabled_for_none_id,
tests/unit/test_memory_provider.py::test_edit_id_change_on_keypair_half_leaves_sibling,1,R4,ported,r2-memory::memory_provider test_edit_id_change_on_keypair_half_leaves_sibling,
tests/unit/test_memory_provider.py::test_edit_non_identity_row_is_failed_outcome,1,R4,ported,r2-memory::memory_provider test_edit_non_identity_row_is_failed_outcome,
tests/unit/test_memory_provider.py::test_edit_empty_identity_values_rejected,1,R4,ported,r2-memory::memory_provider test_edit_empty_identity_values_rejected,
tests/unit/test_memory_provider.py::test_edit_label_only_rename_keeps_id_and_passes_guard,1,R4,ported,r2-memory::memory_provider test_edit_label_only_rename_keeps_id_and_passes_guard,
tests/unit/test_memory_provider.py::test_edit_rename_can_assign_id_to_none_id_key,1,R4,ported,r2-memory::memory_provider test_edit_rename_can_assign_id_to_none_id_key,
tests/unit/test_memory_wrap_kek.py::test_aes_kek_round_trip_secret,4,R4,ported,r2-memory::memory_wrap_kek test_aes_kek_round_trip_secret,
tests/unit/test_memory_wrap_kek.py::test_aes_kek_round_trip_private_keys,2,R4,ported,r2-memory::memory_wrap_kek test_aes_kek_round_trip_private_keys,
tests/unit/test_memory_wrap_kek.py::test_rsa_pkcs1_round_trip,1,R4,ported,r2-memory::memory_wrap_kek test_rsa_pkcs1_round_trip,
tests/unit/test_memory_wrap_kek.py::test_cbc_wrap_matches_pyca_cbc_pkcs7,1,R4,ported,r2-memory::memory_wrap_kek test_cbc_wrap_matches_pyca_cbc_pkcs7,
tests/unit/test_memory_wrap_kek.py::test_gcm_wrap_matches_pyca_aesgcm_ct_tag,1,R4,ported,r2-memory::memory_wrap_kek test_gcm_wrap_matches_pyca_aesgcm_ct_tag,
tests/unit/test_memory_wrap_kek.py::test_externally_pkcs1_wrapped_blob_unwraps,1,R4,ported,r2-memory::memory_wrap_kek test_externally_pkcs1_wrapped_blob_unwraps,
tests/unit/test_memory_wrap_kek.py::test_externally_cbc_wrapped_ec_key_unwraps,1,R4,ported,r2-memory::memory_wrap_kek test_externally_cbc_wrapped_ec_key_unwraps,
tests/unit/test_memory_wrap_kek.py::test_gcm_tag_tamper_is_detected,1,R4,ported,r2-memory::memory_wrap_kek test_gcm_tag_tamper_is_detected,
tests/unit/test_memory_wrap_kek.py::test_cbc_padding_none_rejects_misaligned_payload,1,R4,ported,r2-memory::memory_wrap_kek test_cbc_padding_none_rejects_misaligned_payload,
tests/unit/test_memory_wrap_kek.py::test_pkcs1_payload_too_large_for_the_modulus,1,R4,ported,r2-memory::memory_wrap_kek test_pkcs1_payload_too_large_for_the_modulus,
tests/unit/test_memory_wrap_kek.py::test_pkcs1_unwrap_of_a_bogus_blob_leaks_no_padding_detail,1,R4,ported,r2-memory::memory_wrap_kek test_pkcs1_unwrap_of_a_bogus_blob_leaks_no_padding_detail,
tests/unit/test_memory_wrap_kek.py::test_wrong_declared_algorithm_fails_the_parse_backstop,1,R4,ported,r2-memory::memory_wrap_kek test_wrong_declared_algorithm_fails_the_parse_backstop,
tests/unit/test_memory_wrap_kek.py::test_non_extractable_target_is_never_wrapped,1,R4,ported,r2-memory::memory_wrap_kek test_non_extractable_target_is_never_wrapped,
tests/unit/test_memory_wrap_kek.py::test_aes_mechanisms_need_a_secret_kek,1,R4,ported,r2-memory::memory_wrap_kek test_aes_mechanisms_need_a_secret_kek,
tests/unit/test_memory_wrap_kek.py::test_sensitive_but_extractable_wraps_though_plain_export_refuses,1,R4,ported,r2-memory::memory_wrap_kek test_sensitive_but_extractable_wraps_though_plain_export_refuses ; r2-services::keyexport test_sensitive_but_extractable_wraps_though_plain_export_refuses,"provider half R4 (r2-memory: export_key refuses, wrap_key succeeds); services half R8 (r2-services::keyexport, same name: plain export refused with ""Refusing to export"" (c2 lines 369-370), KWP wrap/unwrap round-trip) — hand-off complete"
tests/unit/test_ops_objects.py::test_hmac_spec_shape_and_mirror,1,R3,ported,r2-ops::ops_objects test_hmac_spec_shape_and_mirror,
tests/unit/test_ops_objects.py::test_hmac_available_for_generic_secrets_only,1,R3,ported,r2-ops::ops_objects test_hmac_available_for_generic_secrets_only,
tests/unit/test_ops_objects.py::test_custom_mechanism_generic_derives_secret_class,1,R3,ported,r2-ops::ops_objects test_custom_mechanism_generic_derives_secret_class,
tests/unit/test_ops_registry.py::TestRegistryBasics::test_duplicate_id_raises_config_error,1,R3,ported,r2-ops::ops_registry test_duplicate_id_raises_config_error,
tests/unit/test_ops_registry.py::TestRegistryBasics::test_get_unknown_raises_with_suggestion,1,R3,ported,r2-ops::ops_registry test_get_unknown_raises_with_suggestion,
tests/unit/test_ops_registry.py::TestBuiltinTable::test_full_builtin_id_set,1,R3,ported,r2-ops::ops_registry test_full_builtin_id_set,
tests/unit/test_ops_registry.py::TestBuiltinTable::test_mirror_rows_share_cli_mechanism_and_params,1,R3,ported,r2-ops::ops_registry test_mirror_rows_share_cli_mechanism_and_params,
tests/unit/test_ops_registry.py::TestBuiltinTable::test_key_classes,1,R3,ported,r2-ops::ops_registry test_key_classes,
tests/unit/test_ops_registry.py::TestBuiltinTable::test_gcm_params,1,R3,ported,r2-ops::ops_registry test_gcm_params,
tests/unit/test_ops_registry.py::TestBuiltinTable::test_cbc_ctr_gmac_byte_lengths,1,R3,ported,r2-ops::ops_registry test_cbc_ctr_gmac_byte_lengths,
tests/unit/test_ops_registry.py::TestBuiltinTable::test_oaep_default_from_encoding,1,R3,ported,r2-ops::ops_registry test_oaep_default_from_encoding,
tests/unit/test_ops_registry.py::TestBuiltinTable::test_pss_salt_len_encoding,1,R3,ported,r2-ops::ops_registry test_pss_salt_len_encoding,
tests/unit/test_ops_registry.py::TestBuiltinTable::test_no_param_rows_are_empty,1,R3,ported,r2-ops::ops_registry test_no_param_rows_are_empty,
tests/unit/test_ops_registry.py::TestBuiltinTable::test_derive_rows_curves,1,R3,ported,r2-ops::ops_registry test_derive_rows_curves,
tests/unit/test_ops_registry.py::TestResolveCli::test_happy_path,1,R3,ported,r2-ops::ops_registry test_happy_path,
tests/unit/test_ops_registry.py::TestResolveCli::test_verb_selects_between_same_cli_names,1,R3,ported,r2-ops::ops_registry test_verb_selects_between_same_cli_names,
tests/unit/test_ops_registry.py::TestResolveCli::test_certificate_resolves_as_public_key_algorithm,1,R3,ported,r2-ops::ops_registry test_certificate_resolves_as_public_key_algorithm,
tests/unit/test_ops_registry.py::TestResolveCli::test_typo_gets_difflib_suggestion,1,R3,ported,r2-ops::ops_registry test_typo_gets_difflib_suggestion,
tests/unit/test_ops_registry.py::TestResolveCli::test_curve_filter,1,R3,ported,r2-ops::ops_registry test_curve_filter,
tests/unit/test_ops_registry.py::TestResolveCli::test_wrong_algorithm,1,R3,ported,r2-ops::ops_registry test_wrong_algorithm,
tests/unit/test_ops_registry.py::TestAvailableFor::test_filters_by_verb_algorithm_and_class,1,R3,ported,r2-ops::ops_registry test_filters_by_verb_algorithm_and_class,
tests/unit/test_ops_registry.py::TestAvailableFor::test_filters_by_provider_mechanisms,1,R3,ported,r2-ops::ops_registry test_filters_by_provider_mechanisms,
tests/unit/test_ops_registry.py::TestAvailableFor::test_certificate_as_public_rules,1,R3,ported,r2-ops::ops_registry test_certificate_as_public_rules,
tests/unit/test_ops_registry.py::TestAvailableFor::test_public_key_decrypts_raw_only,1,R3,ported,r2-ops::ops_registry test_public_key_decrypts_raw_only,
tests/unit/test_ops_registry.py::TestAvailableFor::test_curves_filter_montgomery_derive,1,R3,ported,r2-ops::ops_registry test_curves_filter_montgomery_derive,
tests/unit/test_ops_registry.py::TestAvailableFor::test_logged_out_pkcs11_provider_offers_nothing,1,R3,ported,r2-ops::ops_registry test_logged_out_pkcs11_provider_offers_nothing,
tests/unit/test_ops_registry.py::TestAvailableFor::test_provider_types_and_providers_filters,1,R3,ported,r2-ops::ops_registry test_provider_types_and_providers_filters,
tests/unit/test_ops_registry.py::TestLoadCustom::test_spec_derivation_basics,1,R3,ported,r2-ops::ops_registry test_spec_derivation_basics,
tests/unit/test_ops_registry.py::TestLoadCustom::test_key_class_derivation_rules,1,R3,ported,r2-ops::ops_registry test_key_class_derivation_rules,
tests/unit/test_ops_registry.py::TestLoadCustom::test_raw_param_struct_appends_mechparam,1,R3,ported,r2-ops::ops_registry test_raw_param_struct_appends_mechparam,
tests/unit/test_ops_registry.py::TestLoadCustom::test_explicit_provider_types_pass_through,1,R3,ported,r2-ops::ops_registry test_explicit_provider_types_pass_through,
tests/unit/test_ops_registry.py::TestLoadCustom::test_duplicate_custom_id_raises_config_error,1,R3,ported,r2-ops::ops_registry test_duplicate_custom_id_raises_config_error,
tests/unit/test_ops_registry.py::TestLoadCustom::test_custom_op_available_only_where_advertised,1,R3,ported,r2-ops::ops_registry test_custom_op_available_only_where_advertised,
tests/unit/test_params.py::test_inline_values_parse_without_prompting,1,R7,ported,r2-ops::params test_inline_values_parse_without_prompting ; r2-ops::params parse_value_is_the_shared_parser,
tests/unit/test_params.py::test_prompted_value_equals_inline_value,1,R7,ported,r2-ops::params test_prompted_value_equals_inline_value,
tests/unit/test_params.py::test_unknown_given_name_lists_valid_names,1,R7,ported,r2-ops::params test_unknown_given_name_lists_valid_names,
tests/unit/test_params.py::test_optional_defaults_apply_without_prompting,1,R7,ported,r2-ops::params test_optional_defaults_apply_without_prompting,
tests/unit/test_params.py::test_default_from_mirrors_earlier_param,1,R7,ported,r2-ops::params test_default_from_mirrors_earlier_param,
tests/unit/test_params.py::test_default_from_loses_to_explicit_given,1,R7,ported,r2-ops::params test_default_from_loses_to_explicit_given,
tests/unit/test_params.py::test_default_from_defaults_chain_from_defaults,1,R7,ported,r2-ops::params test_default_from_defaults_chain_from_defaults,
tests/unit/test_params.py::test_default_from_referencing_unresolved_param_is_a_spec_bug,1,R7,ported,r2-ops::params test_default_from_referencing_unresolved_param_is_a_spec_bug ; r2-ops::params default_from_of_a_resolved_but_absent_param_stays_absent,
tests/unit/test_params.py::test_required_param_prompts_and_reprompts_until_valid,1,R7,ported,r2-ops::params test_required_param_prompts_and_reprompts_until_valid,
tests/unit/test_params.py::test_ctrl_c_in_prompt_raises_user_abort,1,R7,ported,r2-ops::params test_ctrl_c_in_prompt_raises_user_abort,R7: ScriptedIo CTRL_C sentinel (the IO itself returns UserAbort in r2)
tests/unit/test_params.py::test_eof_in_prompt_raises_user_abort,1,R7,ported,r2-ops::params test_eof_in_prompt_raises_user_abort,R7: ScriptedIo CTRL_D sentinel
tests/unit/test_params.py::test_int_accepts_decimal_and_negative_only,1,R7,ported,r2-ops::params test_int_accepts_decimal_and_negative_only,
tests/unit/test_params.py::test_bool_accepted_spellings,8,R7,ported,r2-ops::params test_bool_accepted_spellings,
tests/unit/test_params.py::test_bool_rejects_other_spellings,1,R7,ported,r2-ops::params test_bool_rejects_other_spellings,
tests/unit/test_params.py::test_enum_valid_invalid_and_choices_hint,1,R7,ported,r2-ops::params test_enum_valid_invalid_and_choices_hint,
tests/unit/test_params.py::test_enum_prompt_reprompts_and_receives_choices,1,R7,ported,r2-console tests::io::test_enum_prompt_reprompts_and_receives_choices ; r2-ops::params test_enum_prompt_reprompts_and_receives_choices,R7: choices asserted at the LineReader through ParamResolver+LineIo (r2-console tests::io)
tests/unit/test_params.py::test_str_kept_verbatim,1,R7,ported,r2-ops::params test_str_kept_verbatim,
tests/unit/test_params.py::test_bytes_hex_base64_and_prefix,1,R7,ported,r2-ops::params test_bytes_hex_base64_and_prefix,
tests/unit/test_params.py::test_bytes_exact_length_enforced,1,R7,ported,r2-ops::params test_bytes_exact_length_enforced,
tests/unit/test_params.py::test_bytes_codec_failure_becomes_param_error,1,R7,ported,r2-ops::params test_bytes_codec_failure_becomes_param_error,
tests/unit/test_params.py::test_keyref_resolves_to_key_info,1,R7,ported,r2-ops::params test_keyref_resolves_to_key_info,
tests/unit/test_params.py::test_keyref_failures_become_param_errors,3,R7,ported,r2-ops::params test_keyref_failures_become_param_errors ; r2-ops::params keyref_user_abort_propagates_unchanged,
tests/unit/test_params.py::test_validate_callback_runs_for_inline_and_prompted,1,R7,ported,r2-ops::params test_validate_callback_runs_for_inline_and_prompted,
tests/unit/test_params.py::test_resolved_dict_covers_every_declared_param,1,R7,ported,r2-ops::params test_resolved_dict_covers_every_declared_param,R7: r2: a None-default param is ABSENT (spec §4.6.1)
tests/unit/test_provider_base.py::TestProviderDefaults::test_list_tokens_defaults_to_empty,1,R3,ported,r2-provider::provider_base test_list_tokens_defaults_to_empty,
tests/unit/test_provider_base.py::TestProviderDefaults::test_login_default_raises_unsupported,1,R3,ported,r2-provider::provider_base test_login_default_raises_unsupported,
tests/unit/test_provider_base.py::TestProviderDefaults::test_logout_default_is_noop,1,R3,ported,r2-provider::provider_base test_logout_default_is_noop,
tests/unit/test_provider_base.py::TestProviderDefaults::test_supports_delegates_to_mechanisms,1,R3,ported,r2-provider::provider_base test_supports_delegates_to_mechanisms,
tests/unit/test_provider_base.py::TestProviderDefaults::test_wrap_unwrap_default_to_unsupported,1,R3,ported,r2-provider::provider_base test_wrap_unwrap_default_to_unsupported,
tests/unit/test_provider_base.py::TestProviderDefaults::test_key_edit_defaults_to_unsupported,1,R3,ported,r2-provider::provider_base test_key_edit_defaults_to_unsupported,
tests/unit/test_provider_base.py::TestDataTypes::test_mechanism_invocation_defaults,1,R3,ported,r2-provider::provider_base test_mechanism_invocation_defaults,
tests/unit/test_provider_base.py::TestDataTypes::test_value_objects_are_frozen,1,R3,n/a:frozen-dataclass,,FrozenInstanceError/AttributeError on assignment; Rust value objects are immutable behind & (no interior mutability)
tests/unit/test_provider_base.py::TestDataTypes::test_key_edit_result_objects_are_frozen,1,R3,ported,r2-provider::provider_base test_key_edit_result_objects_are_frozen,port the default-value asserts; the frozen-assignment part is Python-only
tests/unit/test_provider_base.py::TestProviderRegistry::test_register_and_get,1,R3,ported,r2-provider::provider_base test_register_and_get,
tests/unit/test_provider_base.py::TestProviderRegistry::test_duplicate_name_raises_config_error,1,R3,ported,r2-provider::provider_base test_duplicate_name_raises_config_error,
tests/unit/test_provider_base.py::TestProviderRegistry::test_unknown_name_raises_provider_not_found,1,R3,ported,r2-provider::provider_base test_unknown_name_raises_provider_not_found,
tests/unit/test_provider_base.py::TestProviderRegistry::test_all_is_config_order_memory_first,1,R3,ported,r2-provider::provider_base test_all_is_config_order_memory_first,
tests/unit/test_provider_base.py::TestProviderRegistry::test_resolve_ref_happy_path,1,R3,ported,r2-provider::provider_base test_resolve_ref_happy_path,
tests/unit/test_provider_base.py::TestProviderRegistry::test_resolve_ref_error_paths,1,R3,ported,r2-provider::provider_base test_resolve_ref_error_paths,
tests/unit/test_provider_base.py::TestFakeProviderBehavior::test_default_mechanisms_are_the_canonical_list,1,R3,ported,r2-provider::provider_base test_default_mechanisms_are_the_canonical_list,
tests/unit/test_provider_base.py::TestFakeProviderBehavior::test_restricted_mechanisms,1,R3,ported,r2-provider::provider_base test_restricted_mechanisms,
tests/unit/test_provider_base.py::TestFakeProviderBehavior::test_call_recording_encoding,1,R3,ported,r2-provider::provider_base test_call_recording_encoding,
tests/unit/test_provider_base.py::TestFakeProviderBehavior::test_login_pin_is_never_recorded,1,R3,ported,r2-provider::provider_base test_login_pin_is_never_recorded,
tests/unit/test_provider_base.py::TestFakeProviderBehavior::test_pkcs11_presentation_login_lifecycle,1,R3,ported,r2-provider::provider_base test_pkcs11_presentation_login_lifecycle,
tests/unit/test_provider_base.py::TestFakeProviderBehavior::test_shutdown_logs_out,1,R3,ported,r2-provider::provider_base test_shutdown_logs_out,
tests/unit/test_provider_base.py::TestFakeProviderBehavior::test_memory_presentation_has_no_login,1,R3,ported,r2-provider::provider_base test_memory_presentation_has_no_login,
tests/unit/test_provider_base.py::TestFakeProviderBehavior::test_pkcs11_key_ids_are_generated_4_bytes,1,R3,ported,r2-provider::provider_base test_pkcs11_key_ids_are_generated_4_bytes,
tests/unit/test_provider_base.py::TestFakeProviderBehavior::test_memory_presentation_keeps_key_id_none,1,R3,ported,r2-provider::provider_base test_memory_presentation_keeps_key_id_none,
tests/unit/test_provider_base.py::TestFakeProviderBehavior::test_generate_requires_size_or_curve,1,R3,ported,r2-provider::provider_base test_generate_requires_size_or_curve,
tests/unit/test_provider_base.py::TestFakeProviderBehavior::test_sensitive_but_extractable_is_wrappable_not_exportable,1,R3,ported,r2-provider::provider_base test_sensitive_but_extractable_is_wrappable_not_exportable,
tests/unit/test_provider_base.py::TestFakeProviderBehavior::test_non_extractable_key_cannot_be_wrapped,1,R3,ported,r2-provider::provider_base test_non_extractable_key_cannot_be_wrapped,
tests/unit/test_provider_base.py::TestFakeProviderBehavior::test_transforms_are_deterministic_across_instances,1,R3,ported,r2-provider::provider_base test_transforms_are_deterministic_across_instances,
tests/unit/test_provider_base.py::TestFakeProviderBehavior::test_cross_provider_wrap_unwrap_transport,1,R3,ported,r2-provider::provider_base test_cross_provider_wrap_unwrap_transport,
tests/unit/test_provider_base.py::TestFakeProviderBehavior::test_derive_is_symmetric_between_two_fakes,1,R3,ported,r2-provider::provider_base test_derive_is_symmetric_between_two_fakes,
tests/unit/test_provider_base.py::TestFakeProviderBehavior::test_derive_honors_out_len,1,R3,ported,r2-provider::provider_base test_derive_honors_out_len,
tests/unit/test_provider_base.py::TestFakeProviderBehavior::test_find_key_prefers_private_half_of_a_pair,1,R3,ported,r2-provider::provider_base test_find_key_prefers_private_half_of_a_pair,
tests/unit/test_provider_base.py::TestFakeProviderBehavior::test_pair_half_preference_also_applies_on_memory,1,R3,ported,r2-provider::provider_base test_pair_half_preference_also_applies_on_memory,
tests/unit/test_provider_base.py::TestFakeProviderBehavior::test_same_class_duplicate_labels_are_ambiguous_on_memory,1,R3,ported,r2-provider::provider_base test_same_class_duplicate_labels_are_ambiguous_on_memory,
tests/unit/test_provider_base.py::TestFakeProviderBehavior::test_class_selector_overrides_pair_preference,1,R3,ported,r2-provider::provider_base test_class_selector_overrides_pair_preference,
tests/unit/test_provider_base.py::TestFakeProviderBehavior::test_resolve_ref_with_class_and_handle_selectors,1,R3,ported,r2-provider::provider_base test_resolve_ref_with_class_and_handle_selectors,
tests/unit/test_smoke.py::test_subpackage_imports,9,R0,n/a:python-import-mechanics,,importlib of every c2 subpackage; Rust: the workspace build proves each crate exists
tests/unit/test_smoke.py::test_version_string,1,R0,ported,r2-cli::smoke test_version_string,R0 card: test_smoke (version part) | CARGO_PKG_VERSION is a non-empty MAJOR.MINOR.PATCH
tests/unit/test_smoke.py::test_version_matches_distribution_metadata,1,R0,ported,r2-cli::smoke test_version_matches_distribution_metadata,Rust: `r2 --version` prints CARGO_PKG_VERSION (workspace version) | [workspace.package] version == CARGO_PKG_VERSION == `r2 --version` output
tests/unit/test_smoke.py::test_main_version_flag,1,R0,ported,r2-cli::smoke test_main_version_flag,"R0 card: r2-cli stub --version | assert_cmd: `r2 --version` exits 0, stdout exactly ""r2 <version>\n"""
tests/unit/test_smoke.py::test_main_help_flag_lists_cli_options,1,R7,ported,r2-cli::e2e_repl test_main_help_flag_lists_cli_options ; r2-cli::e2e_repl usage_errors_exit_2 ; r2-cli::bin/r2 args::tests::flags_parse,clap --help lists --version/--config/--debug
tests/unit/test_smoke.py::test_main_config_flag_with_missing_file_is_a_hard_error,1,R7,ported,r2-cli::e2e_repl test_main_config_flag_with_missing_file_is_a_hard_error,
tests/unit/test_transfer.py::TestAesTransport::test_sensitive_but_extractable_key_copies_via_wrap,1,R10,ported,r2-services::transfer test_sensitive_but_extractable_key_copies_via_wrap,
tests/unit/test_transfer.py::TestAesTransport::test_transport_key_destroyed_on_success,1,R10,ported,r2-services::transfer test_transport_key_destroyed_on_success,
tests/unit/test_transfer.py::TestAesTransport::test_transport_key_destroyed_when_unwrap_fails,1,R10,ported,r2-services::transfer test_transport_key_destroyed_when_unwrap_fails,
tests/unit/test_transfer.py::TestAesTransport::test_transport_key_destroyed_when_wrap_fails,1,R10,ported,r2-services::transfer test_transport_key_destroyed_when_wrap_fails,
tests/unit/test_transfer.py::TestAesTransport::test_editor_runs_for_pkcs11_destination_and_template_reaches_unwrap,1,R10,ported,r2-services::transfer test_editor_runs_for_pkcs11_destination_and_template_reaches_unwrap,
tests/unit/test_transfer.py::TestAesTransport::test_plain_aes_key_wrap_used_for_aligned_secret_when_pad_missing,1,R10,ported,r2-services::transfer test_plain_aes_key_wrap_used_for_aligned_secret_when_pad_missing,
tests/unit/test_transfer.py::TestAesTransport::test_label_and_id_defaults,1,R10,ported,r2-services::transfer test_label_and_id_defaults,
tests/unit/test_transfer.py::TestAesTransport::test_label_and_id_overrides,1,R10,ported,r2-services::transfer test_label_and_id_overrides,
tests/unit/test_transfer.py::TestIdInheritance::test_same_token_copy_keeps_fresh_id,1,R10,ported,r2-services::transfer test_same_token_copy_keeps_fresh_id,
tests/unit/test_transfer.py::TestIdInheritance::test_memory_source_id_not_inherited,1,R10,ported,r2-services::transfer test_memory_source_id_not_inherited,
tests/unit/test_transfer.py::TestIdInheritance::test_pkcs11_to_memory_id_not_inherited,1,R10,ported,r2-services::transfer test_pkcs11_to_memory_id_not_inherited,
tests/unit/test_transfer.py::TestIdInheritance::test_repeated_cross_token_copy_refused_as_duplicate,1,R10,ported,r2-services::transfer test_repeated_cross_token_copy_refused_as_duplicate,
tests/unit/test_transfer.py::TestIdInheritance::test_template_id_row_outranks_inheritance,1,R10,ported,r2-services::transfer test_template_id_row_outranks_inheritance,
tests/unit/test_transfer.py::TestIdInheritance::test_accepted_offer_inherits_public_parts_own_id,1,R10,ported,r2-services::transfer test_accepted_offer_inherits_public_parts_own_id,
tests/unit/test_transfer.py::TestFallbackLadder::test_ephemeral_rsa_oaep_route_for_secret_targets,1,R10,ported,r2-services::transfer test_ephemeral_rsa_oaep_route_for_secret_targets,
tests/unit/test_transfer.py::TestFallbackLadder::test_ephemeral_rsa_cleanup_on_failure,1,R10,ported,r2-services::transfer test_ephemeral_rsa_cleanup_on_failure,
tests/unit/test_transfer.py::TestFallbackLadder::test_single_shot_rsa_aes_key_wrap_for_private_targets,1,R10,ported,r2-services::transfer test_single_shot_rsa_aes_key_wrap_for_private_targets,
tests/unit/test_transfer.py::TestFallbackLadder::test_oaep_not_used_for_private_targets,1,R10,ported,r2-services::transfer test_oaep_not_used_for_private_targets,
tests/unit/test_transfer.py::TestFallbackLadder::test_plain_read_last_resort_with_confirmation,1,R10,ported,r2-services::transfer test_plain_read_last_resort_with_confirmation,
tests/unit/test_transfer.py::TestFallbackLadder::test_plain_read_declined_aborts_before_export,1,R10,ported,r2-services::transfer test_plain_read_declined_aborts_before_export,
tests/unit/test_transfer.py::TestFallbackLadder::test_no_route_names_missing_mechanisms,1,R10,ported,r2-services::transfer test_no_route_names_missing_mechanisms,
tests/unit/test_transfer.py::TestAuthPreProbe::test_logged_out_source_raises_auth_error_not_mechanism_error,1,R10,ported,r2-services::transfer test_logged_out_source_raises_auth_error_not_mechanism_error,
tests/unit/test_transfer.py::TestAuthPreProbe::test_logged_out_destination_raises_auth_error,1,R10,ported,r2-services::transfer test_logged_out_destination_raises_auth_error,
tests/unit/test_transfer.py::TestRefusalUx::test_non_extractable_with_no_public_part_raises_without_prompt,1,R10,ported,r2-services::transfer test_non_extractable_with_no_public_part_raises_without_prompt,
tests/unit/test_transfer.py::TestRefusalUx::test_non_extractable_offer_declined_raises,1,R10,ported,r2-services::transfer test_non_extractable_offer_declined_raises,
tests/unit/test_transfer.py::TestRefusalUx::test_non_extractable_offer_accepted_copies_public_part,1,R10,ported,r2-services::transfer test_non_extractable_offer_accepted_copies_public_part,
tests/unit/test_transfer.py::TestRefusalUx::test_accepted_offer_honors_label_and_id_overrides,1,R10,ported,r2-services::transfer test_accepted_offer_honors_label_and_id_overrides,
tests/unit/test_transfer.py::TestRefusalUx::test_accepted_offer_defaults_to_public_parts_own_label,1,R10,ported,r2-services::transfer test_accepted_offer_defaults_to_public_parts_own_label,
tests/unit/test_transfer.py::TestDecisionMatrix::test_memory_to_memory_plain_copy_without_editor,1,R10,ported,r2-services::transfer test_memory_to_memory_plain_copy_without_editor,
tests/unit/test_transfer.py::TestDecisionMatrix::test_memory_to_pkcs11_plain_copy_with_editor,1,R10,ported,r2-services::transfer test_memory_to_pkcs11_plain_copy_with_editor,
tests/unit/test_transfer.py::TestDecisionMatrix::test_memory_source_never_wraps_even_when_both_sides_could,1,R10,ported,r2-services::transfer test_memory_source_never_wraps_even_when_both_sides_could,
tests/unit/test_transfer.py::TestDecisionMatrix::test_non_exportable_memory_key_gets_refusal_ux,1,R10,ported,r2-services::transfer test_non_exportable_memory_key_gets_refusal_ux,
tests/unit/test_transfer.py::TestDecisionMatrix::test_pkcs11_to_memory_uses_wrap_route_without_editor,1,R10,ported,r2-services::transfer test_pkcs11_to_memory_uses_wrap_route_without_editor,
tests/unit/test_transfer.py::TestDecisionMatrix::test_public_key_copies_plain_between_pkcs11_providers,1,R10,ported,r2-services::transfer test_public_key_copies_plain_between_pkcs11_providers,
tests/unit/test_transfer.py::TestDecisionMatrix::test_certificate_copies_plain,1,R10,ported,r2-services::transfer test_certificate_copies_plain,
tests/unit/test_transfer.py::TestTemplateFileSeeding::test_wrap_route_editor_seeded_from_matching_section,1,R14,ported,r2-services::templatefile test_wrap_route_editor_seeded_from_matching_section,"--template seeding (seed_templates) needs templatefile::build_seed (R14); R14 ports it into its own test file | R14: #[ignore = ""needs R10 (merge checklist)""] (copy_key is R10's)"
tests/unit/test_transfer.py::TestTemplateFileSeeding::test_wrap_route_missing_section_falls_back_to_defaults,1,R14,ported,r2-services::templatefile test_wrap_route_missing_section_falls_back_to_defaults,"--template seeding (seed_templates) needs templatefile::build_seed (R14); R14 ports it into its own test file | R14: #[ignore = ""needs R10 (merge checklist)""] (copy_key is R10's)"
tests/unit/test_x509build.py::test_self_signed_rsa,1,R6,ported,r2-core::x509build self_signed_rsa,
tests/unit/test_x509build.py::test_self_signed_ec,1,R6,ported,r2-core::x509build self_signed_ec,
tests/unit/test_x509build.py::test_self_signed_ed25519,1,R6,ported,r2-core::x509build self_signed_ed25519,
tests/unit/test_x509build.py::test_self_signed_days,1,R6,ported,r2-core::x509build self_signed_days,
tests/unit/test_x509build.py::test_self_signed_serials_are_random,1,R6,ported,r2-core::x509build self_signed_serials_are_random,
tests/unit/test_x509build.py::test_self_signed_parses_as_certificate_material,1,R6,ported,r2-core::x509build self_signed_parses_as_certificate_material,
tests/unit/test_x509build.py::test_self_signed_rejects_non_signing_key,1,R6,ported,r2-core::x509build self_signed_rejects_non_signing_key,
tests/unit/test_x509build.py::test_self_signed_rejects_garbage_pkcs8,1,R6,ported,r2-core::x509build self_signed_rejects_garbage_pkcs8 ; r2-core::x509build self_signed_cn_length_is_measured_in_utf8_bytes,
tests/unit/test_x509build.py::test_self_signed_rejects_encrypted_pkcs8,1,R6,ported,r2-core::x509build self_signed_rejects_encrypted_pkcs8,
tests/unit/test_x509build.py::test_csr_rsa_signed_via_callback,1,R6,ported,r2-core::x509build csr_rsa_signed_via_callback ; r2-core::x509build csr_rsa_is_deterministic_for_deterministic_signers,
tests/unit/test_x509build.py::test_csr_rsa_hash_variants,2,R6,ported,r2-core::x509build csr_rsa_hash_variants,
tests/unit/test_x509build.py::test_csr_ecdsa_raw_rs_converted_to_der,1,R6,ported,r2-core::x509build csr_ecdsa_raw_rs_converted_to_der,
tests/unit/test_x509build.py::test_csr_ecdsa_unconverted_raw_rs_is_invalid,1,R6,ported,r2-core::x509build csr_ecdsa_unconverted_raw_rs_is_invalid,
tests/unit/test_x509build.py::test_csr_ecdsa_p384,1,R6,ported,r2-core::x509build csr_ecdsa_p384,
tests/unit/test_x509build.py::test_csr_ed25519,1,R6,ported,r2-core::x509build csr_ed25519,
tests/unit/test_x509build.py::test_csr_multi_rdn_subject,1,R6,ported,r2-core::x509build csr_multi_rdn_subject,
tests/unit/test_x509build.py::test_csr_bad_subject,1,R6,ported,r2-core::x509build csr_bad_subject ; r2-core::x509build rfc4514_subject_vectors_match_pyca ; r2-core::x509build csr_reparse_rejects_what_pyca_rejects,
tests/unit/test_x509build.py::test_csr_bad_spki,1,R6,ported,r2-core::x509build csr_bad_spki,
tests/unit/test_x509build.py::test_pkcs12_roundtrip_with_pyca,1,R6,ported,r2-core::x509build pkcs12_roundtrip_with_pyca ; r2-core::x509build pkcs12_profile_is_best_available_encryption,
tests/unit/test_x509build.py::test_pkcs12_wrong_password_fails_reload,1,R6,ported,r2-core::x509build pkcs12_wrong_password_fails_reload,
tests/unit/test_x509build.py::test_pkcs12_ed25519,1,R6,ported,r2-core::x509build pkcs12_ed25519,
tests/unit/test_x509build.py::test_pkcs12_output_reparses_via_parse_key_material,1,R6,ported,r2-core::x509build pkcs12_output_reparses_via_parse_key_material,
tests/unit/test_x509build.py::test_pkcs12_empty_password,1,R6,ported,r2-core::x509build pkcs12_empty_password ; r2-core::x509build pkcs12_nul_bytes_are_ordinary_characters,
tests/unit/test_x509build.py::test_pkcs12_bad_cert_der,1,R6,ported,r2-core::x509build pkcs12_bad_cert_der,
tests/unit/test_x509build.py::test_pkcs12_bad_extra_cert,1,R6,ported,r2-core::x509build pkcs12_bad_extra_cert,
tests/unit/test_x509build.py::test_pkcs12_rejects_x25519,1,R6,ported,r2-core::x509build pkcs12_rejects_x25519,
